title,image,price,ordered,image_path,material,sleeve_length,product_type,color,size,style_type,fit_type,special_feature,target_gender
Men's Cotton Linen Casual Long Sleeve Shirt Light Blue / 4XL,http://t3.gstatic.com/shopping?q=tbn:ANd9GcSwpG_ZCN7woBcln7X_zpLG4c9K-V0FdAIfMqHXD4Yf5isfV4_lS2zL_YSrGw,35.44,1,image\image_0.jpg,Cotton-Linen Blend,Long Sleeve,Shirt,Blue,4XL,Casual,Unknown,None,Men
Casual Checked Flannel Shirt White/Red / L,http://t0.gstatic.com/shopping?q=tbn:ANd9GcR7cPnO4bzE8q2WUnrel8Fl6cOJW0imJZmXiTn6OJ5nsRUEBGeudKFaoBA5,29.7,1,image\image_1.jpg,Flannel,Long Sleeve,Shirt,Checked/Plaid,L,Casual,Unknown,None,Unknown
Men's Linen Long Sleeve Shirts Khaki / 5XL,http://t3.gstatic.com/shopping?q=tbn:ANd9GcQIdkgbBPajj0QglpkwNrscVIcbeSQF6qGkDYH-Qv5PLTqbp4Nz8J4tzLU4zA,34.44,0,image\image_2.jpg,Linen,Long Sleeve,Shirt,Khaki,5XL,Unknown,Unknown,None,Men
Leisure Textured Shirt Set Dark Red / L,http://t3.gstatic.com/shopping?q=tbn:ANd9GcSHS41W2YIUjWn-G2q28BUaHwRkHAZtpHqUSjYGucRCYTl89yw_ren2K_QMjg,45.1,0,image\image_3.jpg,Unknown,Unknown,Shirt Set,Dark Red,L,Leisure,Unknown,Textured,Unknown
Men's Premium Washed Cotton Pocket Shirt Dark Grey / L,http://t0.gstatic.com/shopping?q=tbn:ANd9GcTGNc2xEcc0cgnutr-jDsMMB4-Xpa04OZsstCoJGt2WUewOoiVAu-BjkjL_dLc,59.75,0,image\image_4.jpg,Cotton,Unknown,Shirt,Grey,L,Unknown,Unknown,Pocket,Men
Men's Vintage Premium Washed Shirt Pink / L,http://t3.gstatic.com/shopping?q=tbn:ANd9GcTn5zNl8PuiiDQzAIIbxFsLhEDuDFtYgLp0V0mYCJw4Tovi962GHCoFF0TIamU,55.99,0,image\image_5.jpg,Unknown,Unknown,Shirt,Other,L,Vintage,Unknown,Washed,Men
Western Cowboy Embroidered Button Down Cotton Shirt (US Only) Black (Retro Rose) / M,http://t3.gstatic.com/shopping?q=tbn:ANd9GcRu9XoNFnWJKeGXQH_V8oB_nAJPf5A0vbzCC4FLXrDFfbL7wMEuX0Bwf-7E,42.26,0,image\image_6.jpg,Cotton,Unknown,Shirt,Black,M,Other,Unknown,Embroidered,Unknown
Men's Premium Washed Cotton Pocket Shirt White / 2XL,http://t3.gstatic.com/shopping?q=tbn:ANd9GcTPWxbUEW5fMFb4YirtiqOZ3hqsjqbWuoeAx0ft-_u6QrgH-VzygD2fyZc1dQ,58.08,0,image\image_7.jpg,Cotton,Unknown,Shirt,White,2XL,Unknown,Unknown,Pocket,Men
Men's Vintage Premium Washed Shirt Sky Blue / S,http://t2.gstatic.com/shopping?q=tbn:ANd9GcSX3BhoWib7_mFJaMRE2c4yWhZYrudBbQkw1w7HL3gS0tjUr1EpOqqgxnuXIvU,62.52,0,image\image_8.jpg,Unknown,Unknown,Shirt,Blue,S,Vintage,Unknown,Washed,Men
Modern Soft Cable Knit Shirt Green / M,http://t1.gstatic.com/shopping?q=tbn:ANd9GcQohXcLkqjOTRkOdkz81noKlPcBAeoK91M1Fva-6RiVj1RYd86HS6P9rmfQbw,45.23,0,image\image_9.jpg,Other,Unknown,Shirt,Green,M,Unknown,Unknown,None,Unknown
Men's Cotton Long Sleeve Shirt Khaki / L,http://t3.gstatic.com/shopping?q=tbn:ANd9GcTykMjRpk-jf0zg4dsLER9GyjJ2tEW1jHCWWJP3QRsxMMIfPazUzbZtWcRCwA,30.68,1,image\image_10.jpg,Cotton,Long Sleeve,Shirt,Khaki,L,Unknown,Unknown,None,Men
Men's Cotton And Linen Classic Casual Stand-up Collar Short-sleeved Shirt Yellow / 5XL,http://t1.gstatic.com/shopping?q=tbn:ANd9GcRTQadzRNQNSntaxMXkUHt8J92e5PVZO3AcEKvb6iFk9QX9ezM-lkSNvPVt,28.76,1,image\image_11.jpg,Cotton-Linen Blend,Short Sleeve,Shirt,Other,5XL,Casual,Unknown,None,Men
Casual Loose Fit Shirt Sets (US Only) White / L,http://t1.gstatic.com/shopping?q=tbn:ANd9GcQ5gUcbB0_M09qdlPOZb4NpQFMHNwXcbe683T7-JDIG7Cbz-ZKqaIadBucI,54.97,0,image\image_12.jpg,Unknown,Unknown,Shirt Set,White,L,Casual,Relaxed,None,Unknown
Casual Cotton and Linen Shirt Set White / L,http://t2.gstatic.com/shopping?q=tbn:ANd9GcQcldHSF4ZuTZJ4lE7o01wdsrznfyjGKhY4hPC53eqst_lFsHg9sX7rEWI6eQ,45.46,0,image\image_13.jpg,Cotton-Linen Blend,Unknown,Shirt Set,White,L,Casual,Unknown,None,Unknown
Casual Loose Fit Shirt Sets (US Only) Clear Blue / XL,http://t1.gstatic.com/shopping?q=tbn:ANd9GcT1F8wV0gnkozhdqol-fYfahASOa4evkG7zdN29YJ_rMrGvq75PfL1jZNm0Xg,52.39,0,image\image_14.jpg,Unknown,Unknown,Shirt Set,Blue,XL,Casual,Relaxed,None,Unknown
Casual Loose Fit Shirt Sets (US Only) Purple / L,http://t2.gstatic.com/shopping?q=tbn:ANd9GcTSIK3VduaK65e5xLX106mPVCDLX-djGfFCFExXg74cJPwUNs0Tl3A5ETC1vA,52.36,1,image\image_15.jpg,Unknown,Unknown,Shirt Set,Other,L,Casual,Relaxed,None,Unknown
Men's Vintage Premium Washed Shirt Black / L,http://t3.gstatic.com/shopping?q=tbn:ANd9GcQ8I1DHkhDkq1Ijy6Q_8z9ogGK_mAvqLHKTPHl8vi4Fc0Lhx_wTLkFP-EpgiHc,58.27,1,image\image_16.jpg,Unknown,Unknown,Shirt,Black,L,Vintage,Unknown,Washed,Men
Athleisure Stretch Polo Shirt Sets Green / M,http://t2.gstatic.com/shopping?q=tbn:ANd9GcSiqmD5nTA1Bjda-IJIoeryl139DbY0brnXYJwS2lgdid6R6Sx4MH1lVQCdng,45.66,1,image\image_17.jpg,Other,Unknown,Shirt Set,Green,M,Sport,Unknown,None,Unknown
100% Cotton Henley Shirt and Shorts Set Coffee / L,http://t1.gstatic.com/shopping?q=tbn:ANd9GcSJpJ1G0CABUwGjDGh6qiJu-_7-bVTlFBHRof7NTorTxsVSn2iGbFRAA7Tk8w,54.04,0,image\image_18.jpg,Cotton,Unknown,Shirt Set,Other,L,Unknown,Unknown,None,Unknown
Men's Summer Linen Shirt Pink / M,http://t0.gstatic.com/shopping?q=tbn:ANd9GcSyUFrJzptosNTRpGvkUaO0M2mO5SDUVWV6jK-_xmx8A7eXe2SCi-daI9VrF-M,36.09,0,image\image_19.jpg,Linen,Unknown,Shirt,Other,M,Leisure,Unknown,None,Men
Men's Linen Resort Casual Button-Down Everyday Short Sleeve Shirt Khaki / L,http://t3.gstatic.com/shopping?q=tbn:ANd9GcSizeDw52NkGVAMaMUGT6U818Nb3uPqBAT97ZHVtriYqdpCLH7psFCIqx6DmA,33.26,0,image\image_20.jpg,Linen,Short Sleeve,Shirt,Khaki,L,Casual,Unknown,None,Men
Men's Premium Washed Cotton Pocket Shirt Pink / L,http://t0.gstatic.com/shopping?q=tbn:ANd9GcT3f_lhsyaPXJgRIpkDfHoA4zsT981rm0zr3703RVDimjx3v-RyvkBdE2WcuA,61.87,1,image\image_21.jpg,Cotton,Unknown,Shirt,Other,L,Unknown,Unknown,Pocket,Men
Classic Wrinkle-Free Dress Shirt (US Only) Black / L,http://t0.gstatic.com/shopping?q=tbn:ANd9GcQno57gdyGfM2hC0R19hwj4hdWtRJdqfQ64Zl8ypd1gl0JmPZYq1dX30xEFKg,29.45,1,image\image_22.jpg,Unknown,Unknown,Shirt,Black,L,Formal,Unknown,None,Unknown
Long Sleeve Button Down Flannel Shirt (US Only) Army Green / L,http://t2.gstatic.com/shopping?q=tbn:ANd9GcTnO60_gzQLDyAOl1imnp8uRYv7UL8fbMkHlgnY5LvUBXLopTHrRwXXNzTpAA,29.46,0,image\image_23.jpg,Flannel,Long Sleeve,Shirt,Green,L,Unknown,Unknown,None,Unknown
Men's Linen Long Sleeve Shirts Blue / 5XL,http://t1.gstatic.com/shopping?q=tbn:ANd9GcSzLQy6QflQ-h3wYkfQYIbv9M4htavjIbwa4t_L00JSlIHp8wQp-syUzTkco2U,35.21,1,image\image_24.jpg,Linen,Long Sleeve,Shirt,Blue,5XL,Unknown,Unknown,None,Men
Essential Muscle Fit Dress Shirt Burgundy / XL,http://t3.gstatic.com/shopping?q=tbn:ANd9GcSVn6lHKrYmIk_eAlguMgkg32mdpD_BbR4BubJLKk12VikiM4uz1_Lldm-JQE0,63.24,1,image\image_25.jpg,Unknown,Unknown,Shirt,Other,XL,Formal,Slim,None,Unknown
Long Sleeve Button Down Flannel Shirt (US Only) Black / L,http://t0.gstatic.com/shopping?q=tbn:ANd9GcSvp58A8RD_nLqoh7EzpL1z4-Cko0YWjsXf_Uo9HtSPdOihOO3x5YpvFjXUWQ,29.3,1,image\image_26.jpg,Flannel,Long Sleeve,Shirt,Black,L,Unknown,Unknown,None,Unknown
Casual Loose Fit Shirt Sets (US Only) Khaki / XXL,http://t3.gstatic.com/shopping?q=tbn:ANd9GcRtB1pu07-9FmiIDQPw_Q5iyw-fvlMYkK8kaz7P1Cu9qW7RcyBSVKXm2H_k,50.7,1,image\image_27.jpg,Unknown,Unknown,Shirt Set,Khaki,2XL,Casual,Relaxed,None,Unknown
Casual Linen Skin-friendly Shirts (US Only) Dark Grey / L,http://t2.gstatic.com/shopping?q=tbn:ANd9GcRwc4dWA5q4VUD1dNjqkd9fxlx1umr4W22VCNjVvo5VpKgvCF5RdkqyHjEWZG07YU3bpXy3980,34.54,0,image\image_28.jpg,Linen,Unknown,Shirt,Grey,L,Casual,Unknown,None,Unknown
Short Sleeve Collarless Golf Polo Shirts (US Only) Red / M,http://t1.gstatic.com/shopping?q=tbn:ANd9GcS_1qVn_pJHFv-f2_yzjhUuxv0AFlUyFpTblJy5ZQWcLFpaRTKe7H6J_Gt0jQ,27.87,1,image\image_29.jpg,Unknown,Short Sleeve,Polo,Red,M,Sport,Unknown,None,Unknown
Casual Loose Fit Shirt Sets (US Only) Dark Green / L,http://t1.gstatic.com/shopping?q=tbn:ANd9GcTE2dENGxAAaVCfPm_JkIyVsgwIdT-tv0fzQ7LknXgp3eCIhSESg35lU_uq,54.95,0,image\image_30.jpg,Unknown,Unknown,Shirt Set,Green,L,Casual,Relaxed,None,Unknown
Leisure Textured Shirt Set Red / M,http://t2.gstatic.com/shopping?q=tbn:ANd9GcQ7Bb_SHETti130smKmouZgSxK18jWQmDEXHdKmlxArskVh6tfdb7_Zq9TNQQ,45.2,1,image\image_31.jpg,Unknown,Unknown,Shirt Set,Red,M,Leisure,Unknown,Textured,Unknown
Men's Ice Silk Shirt Thin Breathable Shirt White / 4XL,http://t0.gstatic.com/shopping?q=tbn:ANd9GcS-1C-cShD8O75mXhycil5FDlbXm_J7G_cgQklI4mNjAuFvADLFtpZ32CrVVKQ,34.01,1,image\image_32.jpg,Other,Unknown,Shirt,White,4XL,Unknown,Unknown,None,Men
Long Sleeve Button Down Flannel Shirt (US Only) Wine Red / L,http://t1.gstatic.com/shopping?q=tbn:ANd9GcSHK-TuPEpHF_PCuRxCAA7PsJCAsFTBvjodgWoy3uuDaciYV2up4R7-dwIDaA,29.79,0,image\image_33.jpg,Flannel,Long Sleeve,Shirt,Dark Red,L,Unknown,Unknown,None,Unknown
Trendy Breathable T-shirt Set White / XXXL,http://t1.gstatic.com/shopping?q=tbn:ANd9GcQohm2zptg73DELPCTfpwD95hFaJMC0H0ONe3HDEBQ7nDBmNXNyCs6Xeq9baA,47.21,0,image\image_34.jpg,Unknown,Unknown,Shirt Set,White,3XL,Other,Unknown,None,Unknown
Casual Loose Fit Shirt Sets (US Only) Pink / L,http://t1.gstatic.com/shopping?q=tbn:ANd9GcTLrdCXN_wq82v0MjNtWiuLFC454E9o-OeeAAfQW5Nr7WAiN1GRs63r27D6,52.66,0,image\image_35.jpg,Unknown,Unknown,Shirt Set,Other,L,Casual,Relaxed,None,Unknown
Essential Muscle Fit Dress Shirt White / M,http://t3.gstatic.com/shopping?q=tbn:ANd9GcRK2EJOR11sOJdm7Qh49IQ2Qikf3nJ0LQ1VzARGOQwkfg2ab7IUI29wnpsqKA,67.79,1,image\image_36.jpg,Unknown,Unknown,Shirt,White,M,Formal,Slim,None,Unknown
Men's Vintage Linen Long Sleeve Shirt Navy Blue / L,http://t0.gstatic.com/shopping?q=tbn:ANd9GcSmAlVmLvX00waHlFFFcZqGZN_ZWn69yFUF9QpgM7wxmyBWO-eycVWOmmKkFA,41.68,0,image\image_37.jpg,Linen,Long Sleeve,Shirt,Navy,L,Vintage,Unknown,None,Men
Cotton Hooded Shirt Shorts Sets Blue / L,http://t3.gstatic.com/shopping?q=tbn:ANd9GcQEPlIN2K9X5Xq1lpN7dp50o5DM5P7KZf_QeIILnT49aKfI0krWN5c25v0b2w,51.41,0,image\image_38.jpg,Cotton,Unknown,Shirt Set,Blue,L,Unknown,Unknown,None,Unknown
Casual Loose Fit Pure Cotton Sports T-shirt/ Sports Shorts Shorts-Light Grey / 4XL,http://t1.gstatic.com/shopping?q=tbn:ANd9GcSes7fZWSqRnaNesNaXI625C_I1mEwDs1vYxAUM5jmf1Z-nOMc7uDzjOgwAdg,32.7,0,image\image_39.jpg,Cotton,Short Sleeve,T-Shirt,Grey,4XL,Sport,Relaxed,None,Unknown
Men's Business Casual Checkered Colorblock Short Sleeve Shirts Dark Blue / M,http://t3.gstatic.com/shopping?q=tbn:ANd9GcRLTzgPwhaHNqXhwiLgnA7w6YKgclNGu1s1USMmLqPlChRCvbcO96IBYausL7M,29.97,0,image\image_40.jpg,Unknown,Short Sleeve,Shirt,Checked/Plaid,M,Business Casual,Unknown,None,Men
Men's Linen Resort Casual Button-Down Everyday Short Sleeve Shirt Green / M,http://t3.gstatic.com/shopping?q=tbn:ANd9GcSCFhVEGv1pRBBqNIdK7XNzwZAzsIC0Kf__114UgKmRJD0j87mqzg0M0E3zAw,33.07,0,image\image_41.jpg,Linen,Short Sleeve,Shirt,Green,M,Casual,Unknown,None,Men
Casual Wrinkle Free Stretch Shirt (US Only) Blue / L,http://t2.gstatic.com/shopping?q=tbn:ANd9GcR8diKw8Llg8gkH1aKH1BEm6EuWuIzC7STQk5NA2C4krxR_qCVdVUozsWyO,32.27,0,image\image_42.jpg,Unknown,Unknown,Shirt,Blue,L,Casual,Unknown,None,Unknown
Men's Linen Long Sleeve Shirts Green / 5XL,http://t0.gstatic.com/shopping?q=tbn:ANd9GcRy2g2DKW1wauux5TwoWf2v9kjWGzbdzg64_POXKBnpyNjE36InKr-mNKABXQ,34.06,1,image\image_43.jpg,Linen,Long Sleeve,Shirt,Green,5XL,Unknown,Unknown,None,Men
Easygoing Textured Shirt Shorts Set Beige / L,http://t0.gstatic.com/shopping?q=tbn:ANd9GcT0NDY3bIgiCcQz52Rz9nDllbjPOZv0H1z7EXPgs0h1JdSdEXvu48LFS1b6Yg,49.64,0,image\image_44.jpg,Unknown,Unknown,Shirt Set,Other,L,Leisure,Unknown,Textured,Unknown
Essential Muscle Fit Dress Shirt Navy blue / M,http://t0.gstatic.com/shopping?q=tbn:ANd9GcSx62cueLeroDeu2IPnV0Zb-X1VvCokHO7wo4ipAInBmeMKyXektupOX2u_jA,67.12,0,image\image_45.jpg,Unknown,Unknown,Shirt,Navy,M,Formal,Slim,None,Unknown
Casual Cotton Linen Shirt Set Navy Blue / XXL,http://t2.gstatic.com/shopping?q=tbn:ANd9GcSqU4_4O1ewXElL4j1XJ-bzubbS2FxtUdaCLA9BYT7X8JIQh_sauEbjnOMi-Q,57.03,0,image\image_46.jpg,Cotton-Linen Blend,Unknown,Shirt Set,Navy,2XL,Casual,Unknown,None,Unknown
Casual Cotton and Linen Shirt Set Sky Blue / S,http://t1.gstatic.com/shopping?q=tbn:ANd9GcQsSEMfe4X0Wj6DlQU6xQBDaLhmgl0vqB9jYRU_6VusxW3rdQ_GiLEaT1FuQw,48.9,0,image\image_47.jpg,Cotton-Linen Blend,Unknown,Shirt Set,Blue,S,Casual,Unknown,None,Unknown
Men's Vintage Linen Long Sleeve Shirt Coffee / L,http://t2.gstatic.com/shopping?q=tbn:ANd9GcQhelYjXJ8xPK0gFR0057_MX7HUYAA3rexHbLy8w3AbmFbFhngo-GcQDYPkkA,37.47,0,image\image_48.jpg,Linen,Long Sleeve,Shirt,Other,L,Vintage,Unknown,None,Men
Casual Cotton Linen Shirt Set Navy Blue / XL,http://t2.gstatic.com/shopping?q=tbn:ANd9GcSqU4_4O1ewXElL4j1XJ-bzubbS2FxtUdaCLA9BYT7X8JIQh_sauEbjnOMi-Q,53.29,0,image\image_49.jpg,Cotton-Linen Blend,Unknown,Shirt Set,Navy,XL,Casual,Unknown,None,Unknown
Subtle Muscle Fit Dress Shirt White / M,http://t2.gstatic.com/shopping?q=tbn:ANd9GcTZzPGBlWm5H--8uGLeY9K6LJIxqwI3TLq0O6UnkXGoOOxXDDGxDr6qJMGfbaI,81.5,0,image\image_50.jpg,Unknown,Unknown,Shirt,White,M,Formal,Slim,None,Unknown
Men's Short Sleeve Pocket Shirt Blue / L,http://t1.gstatic.com/shopping?q=tbn:ANd9GcQOZYuWPEGY1pcuvnt_7Zdh5e_1RMsqGjtZYw1SfeUlP9N9Zgl8YWDxkKNR88s,30.54,0,image\image_51.jpg,Unknown,Short Sleeve,Shirt,Blue,L,Unknown,Unknown,Pocket,Men
Men's Summer Solid Color Comfortable V-neck Short-sleeved T-shirt Blue / 3XL,http://t3.gstatic.com/shopping?q=tbn:ANd9GcQ1q8TnS-AL-TwK4AYKYMAUkCQEMvGN37HF2trdcXrLploUP0eHmbS3ZufEcA,20.47,0,image\image_52.jpg,Unknown,Short Sleeve,T-Shirt,Blue,3XL,Casual,Unknown,None,Men
Men's Cotton Long Sleeve Shirt Purple / 5XL,http://t2.gstatic.com/shopping?q=tbn:ANd9GcRQLPj1zmw8xm6LRCHgOkbOUmNJlyW7wk6IlZAzPo3rleWSQjvZT1_ZXzCfOps,29.73,0,image\image_53.jpg,Cotton,Long Sleeve,Shirt,Other,5XL,Unknown,Unknown,None,Men
Casual Loose Fit Shirt Sets (US Only) Khaki / XL,http://t3.gstatic.com/shopping?q=tbn:ANd9GcRtB1pu07-9FmiIDQPw_Q5iyw-fvlMYkK8kaz7P1Cu9qW7RcyBSVKXm2H_k,51.26,0,image\image_54.jpg,Unknown,Unknown,Shirt Set,Khaki,XL,Casual,Relaxed,None,Unknown
Effortless Comfort Textured Shirt Set Khaki / L,http://t3.gstatic.com/shopping?q=tbn:ANd9GcTSpEBC2E41ZV5umV5_V4gVzprp0cwZ1mMloOtTGapJKhP8eZb7IUhSYnpO76BVqVPy1Jk9Kw,70.41,0,image\image_55.jpg,Unknown,Unknown,Shirt Set,Khaki,L,Leisure,Unknown,Textured,Unknown
Cotton Linen Style Stripe Shirts Blue / L,http://t2.gstatic.com/shopping?q=tbn:ANd9GcQHqdo9IE_xmKK0D2lR2VDB-qksGROSkLaofQ6RgMhsmiWhWB-74bmozpzTMg,29.16,0,image\image_56.jpg,Cotton-Linen Blend,Unknown,Shirt,Blue,L,Unknown,Unknown,None,Unknown
Casual Graphic Cotton Linen Shirt PAT2 / L,http://t0.gstatic.com/shopping?q=tbn:ANd9GcT5vJlY8cKz_tvvu-iTMwuehgsjEZu733ql4LkJSQTgXQV3OtHSROksSaTr_w,28.64,1,image\image_57.jpg,Cotton-Linen Blend,Unknown,Shirt,Multi,L,Casual,Unknown,Printed,Unknown
Men's Vintage Linen Long Sleeve Shirt Light Blue / M,http://t1.gstatic.com/shopping?q=tbn:ANd9GcRHvVxQzN-3kENYoowhAJ-0jjheOLdPpVhEdpU6GI1ao1p-wo-q8AkNYbVlUQ,38.68,0,image\image_58.jpg,Linen,Long Sleeve,Shirt,Blue,M,Vintage,Unknown,None,Men
Casual Graphic Cotton Linen Shirt PAT1 / L,http://t2.gstatic.com/shopping?q=tbn:ANd9GcR-t932BKgmWjEYfulvYTX_uFI_Ltkz8SaTofpH43VYJtBnss194KZxcTn2hg,40.13,0,image\image_59.jpg,Cotton-Linen Blend,Unknown,Shirt,Multi,L,Casual,Unknown,Printed,Unknown
Men's Vintage Linen Long Sleeve Shirt Light Blue / L,http://t1.gstatic.com/shopping?q=tbn:ANd9GcRHvVxQzN-3kENYoowhAJ-0jjheOLdPpVhEdpU6GI1ao1p-wo-q8AkNYbVlUQ,40.76,0,image\image_60.jpg,Linen,Long Sleeve,Shirt,Blue,L,Vintage,Unknown,None,Men
Men's Ice Silk Shirt Thin Breathable Shirt White / 5XL,http://t0.gstatic.com/shopping?q=tbn:ANd9GcS-1C-cShD8O75mXhycil5FDlbXm_J7G_cgQklI4mNjAuFvADLFtpZ32CrVVKQ,35.72,0,image\image_61.jpg,Other,Unknown,Shirt,White,5XL,Unknown,Unknown,None,Men
Essential Muscle Fit Dress Shirt White / L,http://t3.gstatic.com/shopping?q=tbn:ANd9GcRK2EJOR11sOJdm7Qh49IQ2Qikf3nJ0LQ1VzARGOQwkfg2ab7IUI29wnpsqKA,66.74,1,image\image_62.jpg,Unknown,Unknown,Shirt,White,L,Formal,Slim,None,Unknown
Men's Washed Distressed Cotton Daily Short-sleeved T-shirt Khaki / 5XL,http://t0.gstatic.com/shopping?q=tbn:ANd9GcTk_78w7KfDlbPeOzz-BmbCy9QMz_NRvE29MdSK0igZMmo21sYEkGTkMUlBCik,28.39,1,image\image_63.jpg,Cotton,Short Sleeve,T-Shirt,Khaki,5XL,Casual,Unknown,Washed,Men
Men's Summer Linen Shirt Purple / M,http://t2.gstatic.com/shopping?q=tbn:ANd9GcTzp57r12Q94vmugn3vIeyop0qFtnN8QZ92iGa5Bjyp2IvqtHMTtkJz5MUw1g,38.81,1,image\image_64.jpg,Linen,Unknown,Shirt,Other,M,Casual,Unknown,None,Men
Vintage Knit Button Up Shirt (US Only) White / L,http://t1.gstatic.com/shopping?q=tbn:ANd9GcSngTfq15bxF5xZabEDfGxVX-jnQ6FNkJr5wd7Rfmaxh8xJYpQkAIpf6Y8m_8ocsDoNG3ePSqE,31.25,0,image\image_65.jpg,Other,Unknown,Shirt,White,L,Vintage,Unknown,None,Unknown
Leisure Textured Shirt Set Dark Green / M,http://t1.gstatic.com/shopping?q=tbn:ANd9GcQc857e_RnHRm8N7odR4sXlOy4o7hcQZKbU2nGAU3as--H9AlRDRbtARMHz,42.74,0,image\image_66.jpg,Unknown,Unknown,Shirt Set,Green,M,Leisure,Unknown,Textured,Unknown
Men's Summer Linen Shirt Brown / L,http://t1.gstatic.com/shopping?q=tbn:ANd9GcS3puZmDhI5lVPRbc2iPzKfyNAOu39GQCY_5PVqDuvMShaaz8oxGJ3S5AwL_w,36.3,0,image\image_67.jpg,Linen,Unknown,Shirt,Other,L,Casual,Unknown,None,Men
Short Sleeve Collarless Golf Polo Shirts (US Only) Royal Blue / XL,http://t0.gstatic.com/shopping?q=tbn:ANd9GcSLN5Fe_xS1FxEQaSOR-WlapI7ped0ZoBz1JIu0VYAT2rs00g39AlK0WTEbmQ,27.91,0,image\image_68.jpg,Unknown,Short Sleeve,Polo,Blue,XL,Sport,Unknown,None,Unknown
Vintage-Inspired Geometric Knit Shirt Light Khaki / XXXL,http://t1.gstatic.com/shopping?q=tbn:ANd9GcSwY47vJP-tA1iaTyGzDZlHvyZTFJZRu-qvYQsow_7AgX7qZNnQI2fGCDJT,48.87,0,image\image_69.jpg,Other,Unknown,Shirt,Khaki,3XL,Vintage,Unknown,None,Unknown
Everyday Comfort Colorblock Waffle Shirt Black / L,http://t0.gstatic.com/shopping?q=tbn:ANd9GcTfW_wOi6vBWaPYbAdkTL_LEHpp6UcQEo7N1TgmMXZpHw-mrm3Z2Q-rb7sw,34.63,1,image\image_70.jpg,Other,Unknown,Shirt,Black,L,Casual,Unknown,Textured,Unknown
Men's Linen Resort Casual Button-Down Everyday Short Sleeve Shirt Pink / M,http://t3.gstatic.com/shopping?q=tbn:ANd9GcSVnnJxISYty462tK5NVRuPWYs5ytUPykSlnG2e-s7XqFm0efpiLyjDHiv7,34.31,0,image\image_71.jpg,Linen,Short Sleeve,Shirt,Other,M,Casual,Unknown,None,Men
Classic Wrinkle-Free Dress Shirt (US Only) Army Green / L,http://t3.gstatic.com/shopping?q=tbn:ANd9GcQhRR8EpH4IfgEv_oV-X4lJdi7qm9jj2O0sO9X6PvKfC-DrBIAKCODLSqe1,29.57,0,image\image_72.jpg,Unknown,Unknown,Shirt,Green,L,Formal,Unknown,None,Unknown
Short Sleeve Collarless Golf Polo Shirts (US Only) Navy Blue / L,http://t0.gstatic.com/shopping?q=tbn:ANd9GcTT07RIQjmCiUbjoGhKY_gQSMmHdiud3PcDPR8mokKHu-BAjLRGCY7l9E4Evg,28.41,0,image\image_73.jpg,Unknown,Short Sleeve,Polo,Navy,L,Sport,Unknown,None,Unknown
Casual Linen Short Sleeve Shirt Sets (US Only) Blue / L,http://t1.gstatic.com/shopping?q=tbn:ANd9GcSxINmJhZGLm-gMcoB-R9d9KdHRimV5Qc3MTuvT15U_z6vmLtiu5dee1-ad,44.9,0,image\image_74.jpg,Linen,Short Sleeve,Shirt Set,Blue,L,Casual,Unknown,None,Unknown
Vintage-Inspired Geometric Knit Shirt Green / L,http://t1.gstatic.com/shopping?q=tbn:ANd9GcSyAZlk6h8DxvreXvCN4iAbpC9awlgxq3Z9HmOTQGIrI0dzPNvRZGau7RH-AA,46.73,0,image\image_75.jpg,Other,Unknown,Shirt,Green,L,Vintage,Unknown,None,Unknown
Leisure Textured Shirt Set White / XXXL,http://t3.gstatic.com/shopping?q=tbn:ANd9GcRdIzGbhBTXDJmWzu8FV_Kpz1oSJkVaptr3XsWUeqVs3NCiF4futwMdoe6H3Q,44.99,1,image\image_76.jpg,Unknown,Unknown,Shirt Set,White,3XL,Leisure,Unknown,Textured,Unknown
Casual Linen Style Henley Shirt (US Only) Cream / M,http://t2.gstatic.com/shopping?q=tbn:ANd9GcSlarK1fJfjEm-4lgE08iSDdVpPgKibXCJLxJ_OZ8ORLt0H9aaECq3HamrWxA,29.38,1,image\image_77.jpg,Linen,Unknown,Shirt,Other,M,Casual,Unknown,None,Unknown
Men's Ice Silk Shirt Thin Breathable Shirt White / M,http://t0.gstatic.com/shopping?q=tbn:ANd9GcS-1C-cShD8O75mXhycil5FDlbXm_J7G_cgQklI4mNjAuFvADLFtpZ32CrVVKQ,35.51,1,image\image_78.jpg,Other,Unknown,Shirt,White,M,Unknown,Unknown,None,Men
Casual Linen Short Sleeve Shirt Sets (US Only) Light Blue / L,http://t2.gstatic.com/shopping?q=tbn:ANd9GcTGOVtKuRr5kMvq8enBnzZZDf0Yva6tzM1Dbq7pCA7AOMPtXOjVuzLjzQlIVQ,45.3,0,image\image_79.jpg,Linen,Short Sleeve,Shirt Set,Blue,L,Casual,Unknown,None,Unknown
Effortless Comfort Textured Shirt Set Navy Blue / L,http://t3.gstatic.com/shopping?q=tbn:ANd9GcS9Z2T6e06Fx9P2F29zSMQwa9JRAa4ssXhR822VmXCG1MuU5ijhbS0LUDGyqK9WTHmecCZgiL4,68.53,0,image\image_80.jpg,Unknown,Unknown,Shirt Set,Navy,L,Casual,Unknown,Textured,Unknown
Men's Vintage Premium Washed Shirt Khaki / L,http://t0.gstatic.com/shopping?q=tbn:ANd9GcQDGZp4yVinVDXKxympV5jGzuU4L_M-_E9C6JyqBlsQ_Rwah0r9QvabD7lFYg,60.91,0,image\image_81.jpg,Unknown,Unknown,Shirt,Khaki,L,Vintage,Unknown,Premium,Men
Men's Vintage Velvet Shirt Black / M,http://t2.gstatic.com/shopping?q=tbn:ANd9GcR5ESCEU8orsB9cSFvyi0VmkLyY0c62UfoUCPwTgWVEicrGhAY01koEvi5aW4o,33.88,0,image\image_82.jpg,Other,Unknown,Shirt,Black,M,Vintage,Unknown,None,Men
Men's Vintage Linen Long Sleeve Shirt Khaki / M,http://t2.gstatic.com/shopping?q=tbn:ANd9GcT5rHwWJLAyCb7N5pVm7AJ6I70qwGVeNCDLNWaUk6ANHYOulZP8kCF4-PJ7QQ,40.1,0,image\image_83.jpg,Linen,Long Sleeve,Shirt,Khaki,M,Vintage,Unknown,None,Men
Casual Loose Fit Shirt Sets (US Only) Light Gr een / L,http://t3.gstatic.com/shopping?q=tbn:ANd9GcS9Gj8_IZUPUSojxcknED3tXXct70C4HTwFWUyMcWt_eToVi8Vd47ZL_5zGCA,50.2,0,image\image_84.jpg,Unknown,Unknown,Shirt Set,Green,L,Casual,Relaxed,None,Unknown
Men's Cotton printed shirt Blue / M,http://t2.gstatic.com/shopping?q=tbn:ANd9GcSTdrMlF4h0wYHKqi9mymv7C2CXaH2lP2F3wbReDrDdNO32Fgt1B9kJjPYecc01M7GX7SjrIVhW,71.51,1,image\image_85.jpg,Cotton,Unknown,Shirt,Blue,M,Unknown,Unknown,Printed,Men
Men's Washed Distressed Cotton Daily Short-sleeved T-shirt Purple / 5XL,http://t0.gstatic.com/shopping?q=tbn:ANd9GcQyPJGMxWohBxD8A2-oCtZH4yVyzvPDT3PjDLUFMAUpC_XVESa2lGsduHxGyg,30.59,1,image\image_86.jpg,Cotton,Short Sleeve,T-Shirt,Other,5XL,Casual,Unknown,Washed,Men
Men's Vintage Premium Washed Shirt Sky Blue / 4XL,http://t2.gstatic.com/shopping?q=tbn:ANd9GcSX3BhoWib7_mFJaMRE2c4yWhZYrudBbQkw1w7HL3gS0tjUr1EpOqqgxnuXIvU,62.7,0,image\image_87.jpg,Unknown,Unknown,Shirt,Blue,4XL,Vintage,Unknown,Premium,Men
Fake Two-Piece T-shirt Shorts Set Khaki / L,http://t2.gstatic.com/shopping?q=tbn:ANd9GcQbtpdlgrj57HTkXDBEFHoPDnwUxCN0A01ZGDIGCXVHpriE-xTMkUE_9HJ-,61.32,0,image\image_88.jpg,Unknown,Unknown,Other,Khaki,L,Unknown,Unknown,None,Unknown
Casual Loose Fit Shirt Sets (US Only) Beige / M,http://t3.gstatic.com/shopping?q=tbn:ANd9GcRupgNRO-jYt2R3wf3riu7NSNgJPKm6sjwMBN6rxrRTc8scUaOtsupbw9-_,50.6,1,image\image_89.jpg,Unknown,Unknown,Shirt Set,Other,M,Casual,Relaxed,None,Unknown
Leisure Textured Shirt Set White / M,http://t3.gstatic.com/shopping?q=tbn:ANd9GcRdIzGbhBTXDJmWzu8FV_Kpz1oSJkVaptr3XsWUeqVs3NCiF4futwMdoe6H3Q,44.49,1,image\image_90.jpg,Unknown,Unknown,Shirt Set,White,M,Leisure,Unknown,Textured,Unisex
Subtle Muscle Fit Dress Shirt Black / M,http://t0.gstatic.com/shopping?q=tbn:ANd9GcSILW1rA5i-SzLV1eIvzPpoq_MaefyQgWgf9brl3Xj4o7h9Y_R5izNr3BX_bw,80.82,1,image\image_91.jpg,Unknown,Unknown,Shirt,Black,M,Formal,Slim,None,Unisex
Vintage Embroidered Western Cowboy Shirt (US Only) Navy Blue / L,http://t3.gstatic.com/shopping?q=tbn:ANd9GcTtYS2tDTj6vK5V_o0DYIPkyRcL8SkbzL6XirUaIu3UlmMwWRc1ngXOqkeCblZeehBjgDlPpxw,39.88,1,image\image_92.jpg,Unknown,Unknown,Shirt,Navy,L,Vintage,Unknown,Embroidered,Unisex
Men's Vintage Linen Long Sleeve Shirt Coffee / M,http://t2.gstatic.com/shopping?q=tbn:ANd9GcQhelYjXJ8xPK0gFR0057_MX7HUYAA3rexHbLy8w3AbmFbFhngo-GcQDYPkkA,40.15,0,image\image_93.jpg,Linen,Long Sleeve,Shirt,Other,M,Vintage,Unknown,None,Men
Leisure Textured Shirt Set Red / XXXL,http://t2.gstatic.com/shopping?q=tbn:ANd9GcQ7Bb_SHETti130smKmouZgSxK18jWQmDEXHdKmlxArskVh6tfdb7_Zq9TNQQ,41.81,1,image\image_94.jpg,Unknown,Unknown,Shirt Set,Red,3XL,Leisure,Unknown,Textured,Unisex
Western Cowboy Embroidered Button Down Cotton Shirt (US Only) Khaki (Rose) / L,http://t3.gstatic.com/shopping?q=tbn:ANd9GcTT9_F1uJY2IR0uIuA2TG4-E2ilo1fmrwwCU64q6M1spaI8tPLIAwCzOHK9IA,39.95,0,image\image_95.jpg,Cotton,Unknown,Shirt,Khaki,L,Other,Unknown,Embroidered,Unisex
Casual Cotton Linen Shirt Set Navy Blue / L,http://t2.gstatic.com/shopping?q=tbn:ANd9GcSqU4_4O1ewXElL4j1XJ-bzubbS2FxtUdaCLA9BYT7X8JIQh_sauEbjnOMi-Q,52.97,0,image\image_96.jpg,Cotton-Linen Blend,Unknown,Shirt Set,Navy,L,Casual,Unknown,None,Unisex
Classic Casual Button Down Cotton Linen Shirt (Us Only) Yellow / L,http://t0.gstatic.com/shopping?q=tbn:ANd9GcQkVsWXgFjE-vKQkoJBpkHMVY09o9YWW4hBQgF2dfPE9EWLa9T4hGbiyVJY,38.12,0,image\image_97.jpg,Cotton-Linen Blend,Unknown,Shirt,Other,L,Casual,Unknown,None,Unisex
Chictango Striped Henley Shirt Apricot / L,http://t3.gstatic.com/shopping?q=tbn:ANd9GcSgdyTzpKu1ZimQy4MtXBmEtL9Z5EWsgNVTLGEHKggsuXieePUK7jqoYC7eEi4,34.49,1,image\image_98.jpg,Unknown,Unknown,Shirt,Other,L,Unknown,Unknown,None,Unisex
Casual Loose Fit Shirt Sets (US Only) White / XL,http://t1.gstatic.com/shopping?q=tbn:ANd9GcQ5gUcbB0_M09qdlPOZb4NpQFMHNwXcbe683T7-JDIG7Cbz-ZKqaIadBucI,53.13,0,image\image_99.jpg,Unknown,Unknown,Shirt Set,White,XL,Casual,Relaxed,None,Unisex
Men's Linen Resort Casual Button-Down Everyday Short Sleeve Shirt Green / L,http://t3.gstatic.com/shopping?q=tbn:ANd9GcSCFhVEGv1pRBBqNIdK7XNzwZAzsIC0Kf__114UgKmRJD0j87mqzg0M0E3zAw,32.79,1,image\image_100.jpg,Linen,Short Sleeve,Shirt,Green,L,Casual,Unknown,None,Men
Classic Casual Printed Button Down Cotton Linen Shirt (Us Only) Gree Leavesn / M,http://t0.gstatic.com/shopping?q=tbn:ANd9GcT6-52h4lpw4FkQEq30X3p1B31PhUSNvQ4mgSyqXlSJZNQ9NjQSB7ipdZTc5g,34.45,0,image\image_101.jpg,Cotton-Linen Blend,Unknown,Shirt,Green,M,Casual,Unknown,Printed,Unisex
Vintage Shirt Coat (US Only) Dark Red / L,http://t1.gstatic.com/shopping?q=tbn:ANd9GcSMN9VNUA3WJdR0gKlNhKCnecFzSpulMgY5hW3T5B4KhVSl_dQASAUHAZtsDg,38.19,0,image\image_102.jpg,Unknown,Unknown,Other,Dark Red,L,Vintage,Unknown,None,Unisex
Men's Comfort Vintage Cotton Long Sleeve Basic T-Shirt With Chest Pocket Green / L,http://t1.gstatic.com/shopping?q=tbn:ANd9GcQkSVSaRucCFt0JisJ2vvLcNpiKqI6-LsyfhQqu_1vQlAJn14W4b51nSZLP,32.37,1,image\image_103.jpg,Cotton,Long Sleeve,T-Shirt,Green,L,Vintage,Unknown,Pocket,Men
Short Sleeve Collarless Golf Polo Shirts (US Only) Red / XL,http://t1.gstatic.com/shopping?q=tbn:ANd9GcS_1qVn_pJHFv-f2_yzjhUuxv0AFlUyFpTblJy5ZQWcLFpaRTKe7H6J_Gt0jQ,27.19,0,image\image_104.jpg,Unknown,Short Sleeve,Polo,Red,XL,Sport,Unknown,None,Unisex
Men's Casual Corduroy Pocket Short Sleeve Shirt Brown / L,http://t0.gstatic.com/shopping?q=tbn:ANd9GcRn_JQKbFXi-a9D5-mYI0Vwm84RSV9yvDSAXkEZepgSxMS0hrkHLpTeQETbp1k,60.09,0,image\image_105.jpg,Other,Short Sleeve,Shirt,Other,L,Casual,Unknown,Pocket,Men
Men's Vintage Premium Washed Shirt Khaki / 5XL,http://t0.gstatic.com/shopping?q=tbn:ANd9GcQDGZp4yVinVDXKxympV5jGzuU4L_M-_E9C6JyqBlsQ_Rwah0r9QvabD7lFYg,60.19,0,image\image_106.jpg,Unknown,Unknown,Shirt,Khaki,5XL,Vintage,Unknown,Washed,Men
Men's Vintage Premium Washed Shirt White / L,http://t2.gstatic.com/shopping?q=tbn:ANd9GcRzBSgaAaUI82bsGetc6NHzyWBEQ2t20abWLqmwfo6e6AMLp7UksAZmJnZ0iQ,59.67,1,image\image_107.jpg,Unknown,Unknown,Shirt,White,L,Vintage,Unknown,Washed,Men
Casual Loose Fit Shirt Sets (US Only) Black / M,http://t0.gstatic.com/shopping?q=tbn:ANd9GcQkoYxwXXLNfBoT79S4_xXNmuQ9E773wemzrs2v47gGGTQTSIhJLR_DKYj_-w,50.8,0,image\image_108.jpg,Unknown,Unknown,Shirt Set,Black,M,Casual,Relaxed,None,Unisex
Men's Washed Distressed Cotton Daily Short-sleeved T-shirt Blue / L,http://t2.gstatic.com/shopping?q=tbn:ANd9GcR4oc7jP1eAeEgdY4msTmOMxmhkUnGHX0blYpmgQkJRFZxmwezWdF_qvnMFusg,27.17,0,image\image_109.jpg,Cotton,Short Sleeve,T-Shirt,Blue,L,Casual,Unknown,Washed,Men
Vintage-Inspired Geometric Knit Shirt Black / L,http://t3.gstatic.com/shopping?q=tbn:ANd9GcQ8VEPEsgUvM5GoqaY7EUaB0ifRIjZkzZUez-lahcD0ORGSOcu8a4_05fJLjw,46.0,0,image\image_110.jpg,Other,Unknown,Shirt,Black,L,Vintage,Unknown,None,Unisex
Men's Vintage Linen Long Sleeve Shirt Yellow / M,http://t3.gstatic.com/shopping?q=tbn:ANd9GcRRmTUdyTha_3lE_t7gJtAMOcsxFflJwWNgAOeiLRcLYnM0TNqFWUIEZgfEVyY,41.48,0,image\image_111.jpg,Linen,Long Sleeve,Shirt,Other,M,Vintage,Unknown,None,Men
Casual Loose Fit Shirt Sets (US Only) Purple / M,http://t2.gstatic.com/shopping?q=tbn:ANd9GcTSIK3VduaK65e5xLX106mPVCDLX-djGfFCFExXg74cJPwUNs0Tl3A5ETC1vA,49.55,0,image\image_112.jpg,Unknown,Unknown,Shirt Set,Other,M,Casual,Relaxed,None,Unisex
Casual Loose Fit Pure Cotton Sports T-shirt/ Sports Shorts Shorts-Light Grey / M,http://t1.gstatic.com/shopping?q=tbn:ANd9GcSes7fZWSqRnaNesNaXI625C_I1mEwDs1vYxAUM5jmf1Z-nOMc7uDzjOgwAdg,34.31,0,image\image_113.jpg,Cotton,Unknown,T-Shirt,Grey,M,Sport,Relaxed,None,Unisex
Men's Linen Resort Casual Button-Down Everyday Short Sleeve Shirt Purple / M,http://t1.gstatic.com/shopping?q=tbn:ANd9GcQspiLDQEmb6xDYezdqTZJOwPGluw0hO7WJkGMVoI5pFxSis2UIkDgKc8Tm,32.83,0,image\image_114.jpg,Linen,Short Sleeve,Shirt,Other,M,Casual,Unknown,None,Men
Short Sleve Collarless Golf Polo Shirts (US Only) Blue / L,http://t1.gstatic.com/shopping?q=tbn:ANd9GcTOv4LI3Tqz1XJVnkTfOjeMIqbuejqM7HDM7w0PyV726t3F0XJIYf6ZF9-h,27.86,0,image\image_115.jpg,Unknown,Short Sleeve,Polo,Blue,L,Sport,Unknown,None,Unisex
Classic Casual Printed Button Down Cotton Linen Shirt (Us Only) Red / L,http://t0.gstatic.com/shopping?q=tbn:ANd9GcRV_GjxOy75TzZJs0bFgD2Tso3953ZAGJKYJyzm0pcIwDqSh268JAJtMOlR,35.36,0,image\image_116.jpg,Cotton-Linen Blend,Unknown,Shirt,Red,L,Casual,Unknown,Printed,Unisex
Men's Vintage Premium Washed Shirt White / M,http://t2.gstatic.com/shopping?q=tbn:ANd9GcRzBSgaAaUI82bsGetc6NHzyWBEQ2t20abWLqmwfo6e6AMLp7UksAZmJnZ0iQ,63.56,1,image\image_117.jpg,Unknown,Unknown,Shirt,White,M,Vintage,Unknown,Washed,Men
Casual Linen Blend Guayabera Shirt (US Only) White / L,http://t3.gstatic.com/shopping?q=tbn:ANd9GcQhV20RxogGHKpWME1I8AgeehPH-nPkbu_HF4eePqn_R7aKVPYMgsawfbrJ,30.35,0,image\image_118.jpg,Cotton-Linen Blend,Unknown,Shirt,White,L,Casual,Unknown,None,Unisex
Essential Muscle Fit Dress Shirt Navy blue / L,http://t0.gstatic.com/shopping?q=tbn:ANd9GcSx62cueLeroDeu2IPnV0Zb-X1VvCokHO7wo4ipAInBmeMKyXektupOX2u_jA,64.08,1,image\image_119.jpg,Unknown,Unknown,Shirt,Navy,L,Formal,Slim,None,Unisex
Men's Vintage Velvet Shirt Wine Red / L,http://t1.gstatic.com/shopping?q=tbn:ANd9GcQUz8dGX0-0eM3-HUjHWQTc9-DYqSlvqZ5L_xPRY3ZOdOBtBGfKjYnx0Sm8DBc,33.07,0,image\image_120.jpg,Other,Unknown,Shirt,Dark Red,L,Vintage,Unknown,None,Men
Men's Summer Solid Color Comfortable V-neck Short-sleeved T-shirt White / L,http://t3.gstatic.com/shopping?q=tbn:ANd9GcQYvPYp68fz79_x6P-mm7ddQIcK5jOB3Yc5uEx5IgsKjgZHgNq9MeumtX5-,19.89,1,image\image_121.jpg,Unknown,Short Sleeve,T-Shirt,White,L,Casual,Unknown,None,Men
Casual Linen Short Sleeve Shirt Sets (US Only) Khaki / L,http://t3.gstatic.com/shopping?q=tbn:ANd9GcQXmPx8sEw6d-3n6m9R-I2oqOVaPjVo6blIcu2FfT0woF3CLxlrn-nRhEIEYA,45.99,0,image\image_122.jpg,Linen,Short Sleeve,Shirt Set,Khaki,L,Casual,Unknown,None,Unisex
Essential Muscle Fit Dress Shirt Black / L,http://t2.gstatic.com/shopping?q=tbn:ANd9GcTjSy45YzHEGNHy7zPsO8UW1HoGnXkmI-vnbowYlzJJAM2CO-cgFbKK5dU_1_Q,66.38,1,image\image_123.jpg,Unknown,Unknown,Shirt,Black,L,Formal,Slim,None,Unisex
Men's Outdoor Casual Shirt Purple / L,http://t1.gstatic.com/shopping?q=tbn:ANd9GcTuG5LEBFFjRYaLJC4JvJQjTwsaRsoWzDOTK7kr7_gtPHTkjaUcXhto67vJHw,37.31,0,image\image_124.jpg,Unknown,Unknown,Shirt,Other,L,Casual,Unknown,None,Men
Men's Short Sleeve Pocket Shirt Blue / 5XL,http://t1.gstatic.com/shopping?q=tbn:ANd9GcQOZYuWPEGY1pcuvnt_7Zdh5e_1RMsqGjtZYw1SfeUlP9N9Zgl8YWDxkKNR88s,28.78,0,image\image_125.jpg,Unknown,Short Sleeve,Shirt,Blue,5XL,Unknown,Unknown,Pocket,Men
Striped Casual Shirt Blue / M,http://t1.gstatic.com/shopping?q=tbn:ANd9GcQTMXC27a7rkFpdl3LJebP3Vr0m6LnGGVB5eM7ihPQsGnZZxV-7nxnwfJgfFg,27.09,0,image\image_126.jpg,Unknown,Unknown,Shirt,Blue,M,Casual,Unknown,Printed,Unisex
Cotton Linen Style Henley Shirt (US Only) Khaki / L,http://t2.gstatic.com/shopping?q=tbn:ANd9GcQrEzrKapk1ptIEJT6G9ze7e2bgjLW1owSpE8budNa9HAzF-f7kgv3VBBg5,35.1,0,image\image_127.jpg,Cotton-Linen Blend,Unknown,Shirt,Khaki,L,Casual,Unknown,None,Unisex
Vintage Embroidered Western Cowboy Shirt (US Only) Army Green / L,http://t2.gstatic.com/shopping?q=tbn:ANd9GcSALcGnzxDvd4QUPg3y28SbMi6223FX-n7LAM3NN_gpBq2vMU6XR3YXDNPKUb9xFbnaY4iuiqk,40.16,0,image\image_128.jpg,Unknown,Unknown,Shirt,Green,L,Vintage,Unknown,Embroidered,Unisex
Modern Soft Cable Knit Shirt Black / L,http://t1.gstatic.com/shopping?q=tbn:ANd9GcR-8vECl7-JXAdr2tcvwlHhq43BHSKex1fr2azrS1MlsF7Hr8Spur46Cy2r,43.18,0,image\image_129.jpg,Other,Unknown,Shirt,Black,L,Other,Unknown,Textured,Unisex
Modern Soft Cable Knit Shirt Green / XL,http://t1.gstatic.com/shopping?q=tbn:ANd9GcQohXcLkqjOTRkOdkz81noKlPcBAeoK91M1Fva-6RiVj1RYd86HS6P9rmfQbw,44.4,0,image\image_130.jpg,Other,Unknown,Shirt,Green,XL,Other,Unknown,Textured,Unisex
Men's Vintage Premium Washed Shirt Sky Blue / 2XL,http://t2.gstatic.com/shopping?q=tbn:ANd9GcSX3BhoWib7_mFJaMRE2c4yWhZYrudBbQkw1w7HL3gS0tjUr1EpOqqgxnuXIvU,62.29,0,image\image_131.jpg,Unknown,Unknown,Shirt,Blue,2XL,Vintage,Unknown,Washed,Men
Casual Cotton Hollow Lace Shirt Set Pink / L,http://t3.gstatic.com/shopping?q=tbn:ANd9GcSQ1o9dCetvAtS3c5hqvd7-GJKlh-bHlkxYpnM337Hx2iMsPAiW2ebD-x56,53.89,0,image\image_132.jpg,Cotton,Unknown,Shirt Set,Other,L,Casual,Unknown,None,Unisex
Embroidered Cowboy Button Down Shirt (US Only) White / L,http://t2.gstatic.com/shopping?q=tbn:ANd9GcQum0Lt2JIK6eJrKTxUY2eYigpN1hvhkbsHFl4sXdrvRL1vV3kb3btp_JvrOQ,42.53,0,image\image_133.jpg,Unknown,Unknown,Shirt,White,L,Other,Unknown,Embroidered,Unisex
Casual Cotton Linen Shirt Set White / M,http://t0.gstatic.com/shopping?q=tbn:ANd9GcS7deVuHG3HtUI1whZM2ecWvDB-5WriOnac08BmZanUcYzbAWS6rvigkW6tlA,54.4,1,image\image_134.jpg,Cotton-Linen Blend,Unknown,Shirt Set,White,M,Casual,Unknown,None,Unisex
Classic Casual Button Down Cotton Linen Shirt (Us Only) Wine Red / L,http://t0.gstatic.com/shopping?q=tbn:ANd9GcRHyvL2a5e1zMek4R8ecmI0NxGqPdyiUxY3zlfeK_xGVzIpyY_uhS3qBN09,34.85,1,image\image_135.jpg,Cotton-Linen Blend,Unknown,Shirt,Dark Red,L,Casual,Unknown,None,Unisex
Men's Linen Resort Casual Button-Down Everyday Short Sleeve Shirt Purple / L,http://t1.gstatic.com/shopping?q=tbn:ANd9GcQspiLDQEmb6xDYezdqTZJOwPGluw0hO7WJkGMVoI5pFxSis2UIkDgKc8Tm,33.58,0,image\image_136.jpg,Linen,Short Sleeve,Shirt,Other,L,Casual,Unknown,None,Men
Casual Linen Blend Guayabera Shirt (US Only) Dark Red / L,http://t1.gstatic.com/shopping?q=tbn:ANd9GcSdXdcJTfd10I9bWD58iElHeYo1PlRM8SGu6tOpjGhA_9L5jEA2fjILAdbH,28.74,1,image\image_137.jpg,Cotton-Linen Blend,Unknown,Shirt,Dark Red,L,Casual,Unknown,None,Unisex
Embroidered Cowboy Button Down Shirt (US Only) Coffee / L,http://t0.gstatic.com/shopping?q=tbn:ANd9GcQt_-B7z8AD65Wq9nQ0vWlWeX8Hzc74zv2vswdCKyYLnIl_gP-PnyOHkFy9,42.18,1,image\image_138.jpg,Unknown,Unknown,Shirt,Other,L,Other,Unknown,Embroidered,Unisex
Men's Linen Striped Half Button Shirt Mustard Yellow / L,http://t1.gstatic.com/shopping?q=tbn:ANd9GcT5dyb7lcXkVmBIbA2qbznEQJN0BreOlorw9VfvaFx825yW0hFAynqHWDXHh-h9jNhBXPkHMg,33.27,0,image\image_139.jpg,Linen,Unknown,Shirt,Other,L,Casual,Unknown,None,Men
Men's Linen Resort Casual Button-Down Everyday Short Sleeve Shirt Black / L,http://t1.gstatic.com/shopping?q=tbn:ANd9GcSrJ7RfP_Ud7s8z0XEbq5KjyvXm9O76-bbBONVGW4pmIYlLZWUvgxWYKg9-BQ,33.85,1,image\image_140.jpg,Linen,Short Sleeve,Shirt,Black,L,Casual,Unknown,None,Men
Men's Cotton printed shirt Purple / L,http://t1.gstatic.com/shopping?q=tbn:ANd9GcQB7Elc8FPMTpWjDB6Sba3Jo1WqdC9zZgZwOW8J3rhLNIl225TWpipFJWqChcudFUnx8qg4fFI,67.62,1,image\image_141.jpg,Cotton,Unknown,Shirt,Other,L,Unknown,Unknown,Printed,Men
Men's Linen Henley Long Sleeve Shirt Pink / L,http://t2.gstatic.com/shopping?q=tbn:ANd9GcTZ0F_4sZggGRfkJyg-mXAoSme4qbfO6y1dwGVFFH7lGzbfd5jlixKJ9-WbRXw,30.33,1,image\image_142.jpg,Linen,Long Sleeve,Shirt,Other,L,Unknown,Unknown,None,Men
Casual Cotton Linen Shirt Set White / XXL,http://t0.gstatic.com/shopping?q=tbn:ANd9GcS7deVuHG3HtUI1whZM2ecWvDB-5WriOnac08BmZanUcYzbAWS6rvigkW6tlA,55.78,0,image\image_143.jpg,Cotton-Linen Blend,Unknown,Shirt Set,White,2XL,Casual,Unknown,None,Unisex
Men's Ice Silk Shirt Thin Breathable Shirt White / L,http://t0.gstatic.com/shopping?q=tbn:ANd9GcS-1C-cShD8O75mXhycil5FDlbXm_J7G_cgQklI4mNjAuFvADLFtpZ32CrVVKQ,35.54,1,image\image_144.jpg,Other,Unknown,Shirt,White,L,Unknown,Unknown,None,Men
Men's Washed Distressed Cotton Daily Short-sleeved T-shirt Beige / L,http://t1.gstatic.com/shopping?q=tbn:ANd9GcSu7y3O1O8gugobTg_rcH9CUU0tW37YNsCKPVxWd3emS8wjLw-Ja-Tva5R8sTc,27.37,1,image\image_145.jpg,Cotton,Short Sleeve,T-Shirt,Other,L,Casual,Unknown,Washed,Men
Essential Muscle Fit Dress Shirt Light Green / L,http://t1.gstatic.com/shopping?q=tbn:ANd9GcS56lirh2ddYIVUkrOfpQTgBOtdU4C_rye1J-CG-n1anEccIz9a1eeWd2OyFg,63.84,1,image\image_146.jpg,Unknown,Unknown,Shirt,Green,L,Formal,Slim,None,Unisex
Men's Premium Washed Cotton Pocket Shirt Khaki / L,http://t0.gstatic.com/shopping?q=tbn:ANd9GcTKBtXvy6AhtEvtNhH3Hay6VYLRiFxdoR4VNYIKXRrMqO6BUqe3SKzRrgf_VA,60.9,1,image\image_147.jpg,Cotton,Unknown,Shirt,Khaki,L,Unknown,Unknown,Pocket,Men
Men's Luxurious Touch Stretch Cotton T-Shirt Black / S,http://t2.gstatic.com/shopping?q=tbn:ANd9GcQJW6xdRk0wM7YB5N9u9aRZ9czGXADUeXYeU5R0lEvg8gmMyzpq4qAEwIIWdg,24.36,1,image\image_148.jpg,Cotton,Unknown,T-Shirt,Black,S,Unknown,Unknown,Premium,Men
Men's Summer Linen Shirt Orange / M,http://t3.gstatic.com/shopping?q=tbn:ANd9GcShltvsgeIxY5SZyESNexCGcmaqEhLcy7LyolbsV68xpZMPD6b_iQF4kEvSow,35.49,0,image\image_149.jpg,Linen,Unknown,Shirt,Other,M,Leisure,Unknown,None,Men
Stylish Contrast Waffle Shirt Set Cream / XXL,http://t3.gstatic.com/shopping?q=tbn:ANd9GcQJoXs-Gs2luzQwQp4DPQaKGUBvy1bYeLjQqKgNyVdrVbJ6iOi8MlGIjs0y,58.57,0,image\image_150.jpg,Other,Unknown,Shirt Set,Other,2XL,Casual,Unknown,Textured,Unknown
Short Sleeve Collarless Golf Polo Shirts (US Only) Green / L,http://t1.gstatic.com/shopping?q=tbn:ANd9GcQsl44cGyw5COzJPv8qAEozsLUb9Es7Dn8YMuD8FqWslEc-DfHkJZZ4OwdwWg,28.35,0,image\image_151.jpg,Unknown,Short Sleeve,Polo,Green,L,Sport,Unknown,None,Unisex
Men's Linen Henley Long Sleeve Shirt Blue / L,http://t1.gstatic.com/shopping?q=tbn:ANd9GcQ_OBGnrcFK_rUl_pimBMzrz2xa_XbjZF8AwIexqt3if_34i8_AgZFRpvpOnQ,27.32,0,image\image_152.jpg,Linen,Long Sleeve,Shirt,Blue,L,Casual,Unknown,None,Men
Casual Loose Fit Shirt Sets (US Only) Blue / XXL,http://t2.gstatic.com/shopping?q=tbn:ANd9GcTdpCzayGeaguaNJ_DKA_8cIr29fV8tKoc6-88H7hQkYfU7ITaI4AbP8WvhPw,50.57,0,image\image_153.jpg,Unknown,Unknown,Shirt Set,Blue,2XL,Casual,Relaxed,None,Unisex
Men's Washed Distressed Cotton Daily Short-sleeved T-shirt Blue / XL,http://t2.gstatic.com/shopping?q=tbn:ANd9GcR4oc7jP1eAeEgdY4msTmOMxmhkUnGHX0blYpmgQkJRFZxmwezWdF_qvnMFusg,27.07,0,image\image_154.jpg,Cotton,Short Sleeve,T-Shirt,Blue,XL,Casual,Unknown,Washed,Men
Casual Wrinkle Free Stretch Shirt (US Only) Navy Blue / L,http://t0.gstatic.com/shopping?q=tbn:ANd9GcSIMXN_7_uXhLttV-nVoy35tStDIEthm6bx-OUaDImNs04DOj0zYaG4BgkSOQ,32.61,0,image\image_155.jpg,Other,Unknown,Shirt,Navy,L,Casual,Unknown,None,Unisex
Casual Graphic Cotton Linen Shirt PAT3 / L,http://t2.gstatic.com/shopping?q=tbn:ANd9GcQYmtSfl3xQFvWoZ6wt5RboEFNH3e4ImSf3mQOtheNWE3acz4EZQAi4Nij8,41.8,1,image\image_156.jpg,Cotton-Linen Blend,Unknown,Shirt,Other,L,Casual,Unknown,Printed,Unisex
Casual Linen Blend Shirt (US Only) Light Khaki / L,http://t1.gstatic.com/shopping?q=tbn:ANd9GcQbaiqc-4-5M0OB4YWeaOfLbAlD-bwUJU1wIQkTB4OqJAlCsr4_K39-dBCUIg,37.22,1,image\image_157.jpg,Cotton-Linen Blend,Unknown,Shirt,Khaki,L,Casual,Unknown,None,Unisex
Men's Cotton printed shirt Blue / L,http://t2.gstatic.com/shopping?q=tbn:ANd9GcSTdrMlF4h0wYHKqi9mymv7C2CXaH2lP2F3wbReDrDdNO32Fgt1B9kJjPYecc01M7GX7SjrIVhW,71.49,0,image\image_158.jpg,Cotton,Unknown,Shirt,Blue,L,Casual,Unknown,Printed,Men
Men's Vintage Premium Washed Shirt Blue / M,http://t3.gstatic.com/shopping?q=tbn:ANd9GcSvMSb-12qnF7JWZhEkd6Bnjf6zrfnHPqkmA3hHczrT_Z7VQC2UjJ-eC48sVZM,58.05,0,image\image_159.jpg,Unknown,Unknown,Shirt,Blue,M,Vintage,Unknown,Premium,Men
Cotton Linen Style Stripe Shirts Blue / 5XL,http://t2.gstatic.com/shopping?q=tbn:ANd9GcQHqdo9IE_xmKK0D2lR2VDB-qksGROSkLaofQ6RgMhsmiWhWB-74bmozpzTMg,28.99,1,image\image_160.jpg,Cotton-Linen Blend,Unknown,Shirt,Blue,5XL,Casual,Unknown,None,Unisex
Casual Linen Short Sleeve Shirt Sets (US Only) Light Blue / M,http://t2.gstatic.com/shopping?q=tbn:ANd9GcTGOVtKuRr5kMvq8enBnzZZDf0Yva6tzM1Dbq7pCA7AOMPtXOjVuzLjzQlIVQ,42.75,0,image\image_161.jpg,Linen,Short Sleeve,Shirt Set,Blue,M,Casual,Unknown,None,Unisex
Vintage Embroidered Western Cowboy Shirt (US Only) Black & Red / L,http://t2.gstatic.com/shopping?q=tbn:ANd9GcRzqPcp4J3zSKP_oOf_y0FquJLgXmDwxSFFtzUuJTPhuEv4q0L0AKUsbrqESRAq3dCmVWmAuPE,40.58,0,image\image_162.jpg,Unknown,Unknown,Shirt,Multi,L,Vintage,Unknown,Embroidered,Unisex
Cotton Linen Style Henley Shirt (US Only) Denim Blue / L,http://t2.gstatic.com/shopping?q=tbn:ANd9GcSagXVI57ataCGVsZEVyFbnH6izbkw4CF4ilrorrL93SIjYJq1FIbXK3w6BTQ,35.31,0,image\image_163.jpg,Cotton-Linen Blend,Unknown,Shirt,Blue,L,Casual,Unknown,None,Unisex
Men's Fashion Casual Pleated Fabric Short-sleeved Lapel Polo Shirt Pink / 4XL,http://t2.gstatic.com/shopping?q=tbn:ANd9GcT2ZgVi931FtUkXwbFazRfoJ95Jnel4oqnTqBAGXI37QPyOO8tvp3bKkplK,31.15,0,image\image_164.jpg,Other,Short Sleeve,Polo,Other,4XL,Casual,Unknown,Textured,Men
Breathable Button Down Knit Shurt Army Green / L,http://t3.gstatic.com/shopping?q=tbn:ANd9GcSX0Zf6oEmBnflMORLVjh9BXit0fBpQFBrn_tNwHlIjHqkIeCAIguDbmx3Vew,36.65,0,image\image_165.jpg,Other,Unknown,Shirt,Green,L,Casual,Unknown,None,Unisex
Cotton Linen Solid Color Double Pockets Shirt Army Green / L,http://t1.gstatic.com/shopping?q=tbn:ANd9GcQw9VjqpDAtjXE8ONRFpsRf4NlP82R7IJ9y7kqSKL8S9yknyujYYUZqiBfdaQ,30.84,0,image\image_166.jpg,Cotton-Linen Blend,Unknown,Shirt,Green,L,Casual,Unknown,Pocket,Unisex
Short Sleeve Collarless Golf Pooo Shirts (US Only) Grey / L,http://t0.gstatic.com/shopping?q=tbn:ANd9GcTT07RIQjmCiUbjoGhKY_gQSMmHdiud3PcDPR8mokKHu-BAjLRGCY7l9E4Evg,28.26,0,image\image_167.jpg,Unknown,Short Sleeve,Polo,Grey,L,Sport,Unknown,None,Unisex
Men's Vintage Premium Washed Shirt Army Green / L,http://t1.gstatic.com/shopping?q=tbn:ANd9GcQVa9a1hRez2x8trrXVnqUZJCFIZ5ZtW9WKtc2eej5iq9uut7xm8f8ztGz3hF0,66.11,1,image\image_168.jpg,Unknown,Unknown,Shirt,Green,L,Vintage,Unknown,Premium,Men
Western Cowboy Style Cotton Shirt (US Only) White / L,http://t0.gstatic.com/shopping?q=tbn:ANd9GcR1Cc_fgtBd4MxWfgR12gFvMimsD1pY9ajIk6dI4oMa3fbownfdfKH3R7XT5yel9ALQ211i9vY,40.64,1,image\image_169.jpg,Cotton,Unknown,Shirt,White,L,Other,Unknown,None,Unisex
Essential Muscle Fit Dress Shirt Burgundy / L,http://t3.gstatic.com/shopping?q=tbn:ANd9GcSVn6lHKrYmIk_eAlguMgkg32mdpD_BbR4BubJLKk12VikiM4uz1_Lldm-JQE0,66.06,0,image\image_170.jpg,Unknown,Unknown,Shirt,Dark Red,L,Formal,Slim,None,Unisex
Casual Linen Short Sleeve Shirt Sets (US Only) Wine Red / L,http://t2.gstatic.com/shopping?q=tbn:ANd9GcSXInkz5redCerWEFAhTGP-iPwcjrGMBmfGBpNRPtFoFipUrO2aTrGflnzs,44.8,0,image\image_171.jpg,Linen,Short Sleeve,Shirt Set,Dark Red,L,Casual,Unknown,None,Unisex
Essential Muscle Fit Dress Shirt Grey / L,http://t2.gstatic.com/shopping?q=tbn:ANd9GcQQS5N8KMtzC0JRIe0BRxI0Yru77LGfFgz6GEcWBU9NPOjbq4I2UTgEVX-vhxw,64.93,0,image\image_172.jpg,Unknown,Unknown,Shirt,Grey,L,Formal,Slim,None,Unisex
Wrinkle Free Button Down Dress Shirt (US Only) Royal Blue / L,http://t2.gstatic.com/shopping?q=tbn:ANd9GcR2xDoldzIzCAUHqMUDRjXZ1fq-jezO8xGyZlZg8BUTFdbGxatT6mYQ2JOljg,34.82,0,image\image_173.jpg,Unknown,Unknown,Shirt,Blue,L,Formal,Unknown,None,Unisex
Men's Linen Resort Casual Button-Down Everyday Short Sleeve Shirt Khaki / 5XL,http://t3.gstatic.com/shopping?q=tbn:ANd9GcSizeDw52NkGVAMaMUGT6U818Nb3uPqBAT97ZHVtriYqdpCLH7psFCIqx6DmA,33.41,0,image\image_174.jpg,Linen,Short Sleeve,Shirt,Khaki,5XL,Casual,Unknown,None,Men
Men's Vintage Velvet Shirt Wine Red / 3XL,http://t1.gstatic.com/shopping?q=tbn:ANd9GcQUz8dGX0-0eM3-HUjHWQTc9-DYqSlvqZ5L_xPRY3ZOdOBtBGfKjYnx0Sm8DBc,36.22,1,image\image_175.jpg,Other,Unknown,Shirt,Dark Red,3XL,Vintage,Unknown,None,Men
Cotton Linen Style Henley Shirt (Live Only) Khaki / L,http://t2.gstatic.com/shopping?q=tbn:ANd9GcQrEzrKapk1ptIEJT6G9ze7e2bgjLW1owSpE8budNa9HAzF-f7kgv3VBBg5,33.75,0,image\image_176.jpg,Cotton-Linen Blend,Unknown,Shirt,Khaki,L,Casual,Unknown,None,Unisex
Embroidered Cowboy Button Down Shirt (US Only) Black & White / L,http://t2.gstatic.com/shopping?q=tbn:ANd9GcTu9aRRrbx9Yk-7PVK8KZqgWhwfb3OKKnrz1Ry3xKMK2BdXCfLoBI7v6iUHAA,43.15,0,image\image_177.jpg,Unknown,Unknown,Shirt,Multi,L,Other,Unknown,Embroidered,Unisex
Men's Casual Texture Lapel Comfortable Short-sleeved Polo Shirt Navy / L,http://t0.gstatic.com/shopping?q=tbn:ANd9GcSayo0R8RXxuSySP9HdXeinnyOFsEYdbVDsJOSNaw4y2DSL33U8ekdKCk3h,29.65,0,image\image_178.jpg,Unknown,Short Sleeve,Polo,Navy,L,Casual,Unknown,Textured,Men
Vintage Embroidered Western Cowboy Shirt (US Only) Navy Blue / 4XL,http://t3.gstatic.com/shopping?q=tbn:ANd9GcTtYS2tDTj6vK5V_o0DYIPkyRcL8SkbzL6XirUaIu3UlmMwWRc1ngXOqkeCblZeehBjgDlPpxw,42.0,0,image\image_179.jpg,Unknown,Unknown,Shirt,Navy,4XL,Vintage,Unknown,Embroidered,Unisex
Stylish Soft 2-Piece Shirt Set White / XL,http://t3.gstatic.com/shopping?q=tbn:ANd9GcRSh9RHDQspWooj6YItMgUvcME_M-S3H0EkhO42JDodBP3zPVgQwdq1XkYk6g,50.31,1,image\image_180.jpg,Unknown,Unknown,Shirt Set,White,XL,Other,Unknown,None,Unisex
Vintage Embroidered Western Cowboy Shirt (US Only) Light Blue / L,http://t0.gstatic.com/shopping?q=tbn:ANd9GcSoDF9eq52Sa3Ml1KPGvgTo-0zSN9zrTrQZ_nNrR6nEFvc0n44q2cXs_o4SYL4ca6n9MCLbJEk,40.64,0,image\image_181.jpg,Unknown,Unknown,Shirt,Blue,L,Vintage,Unknown,Embroidered,Unisex
Men's Vintage Premium Washed Shirt Sky Blue / M,http://t2.gstatic.com/shopping?q=tbn:ANd9GcSX3BhoWib7_mFJaMRE2c4yWhZYrudBbQkw1w7HL3gS0tjUr1EpOqqgxnuXIvU,61.38,0,image\image_182.jpg,Unknown,Unknown,Shirt,Blue,M,Vintage,Unknown,Washed,Men
Classic Casual Button Down Cotton Linen Shirt (Us Only) Khaki / L,http://t3.gstatic.com/shopping?q=tbn:ANd9GcQr79Hn2jnBGQ7UZH2lxAuOTeVl_DATP8T3KFGFQ7d7tV7ye8_qJM0zXr2f,34.56,0,image\image_183.jpg,Cotton-Linen Blend,Unknown,Shirt,Khaki,L,Casual,Unknown,None,Unisex
Casual Loose Fit Pure Cotton Sports T-shirt/ Sports Shorts Shorts-Light Grey / L,http://t1.gstatic.com/shopping?q=tbn:ANd9GcSes7fZWSqRnaNesNaXI625C_I1mEwDs1vYxAUM5jmf1Z-nOMc7uDzjOgwAdg,34.8,0,image\image_184.jpg,Cotton,Short Sleeve,T-Shirt,Grey,L,Sport,Relaxed,None,Unisex
Minimal Comfort Polo Shirt Shorts Set White / L,http://t0.gstatic.com/shopping?q=tbn:ANd9GcSAqbC_hYXNHQ6g6zAqDKQjCWGYJ-zmzQAhmI0OgxwRv1lVzxolMEcBJ3Fs4Q,63.4,0,image\image_185.jpg,Unknown,Short Sleeve,Shirt Set,White,L,Leisure,Unknown,None,Unisex
Men's Vintage Premium Washed Shirt White / 5XL,http://t2.gstatic.com/shopping?q=tbn:ANd9GcRzBSgaAaUI82bsGetc6NHzyWBEQ2t20abWLqmwfo6e6AMLp7UksAZmJnZ0iQ,60.06,0,image\image_186.jpg,Unknown,Unknown,Shirt,White,5XL,Vintage,Unknown,Washed,Men
Men's Luxurious Touch Stretch Cotton T-Shirt White / 4XL,http://t0.gstatic.com/shopping?q=tbn:ANd9GcSG39j4zeaFfcPhJBdUso4wbuF7anuKeUIdORCcLk3xz14wsudS6OYZXr-yRoE,26.06,0,image\image_187.jpg,Cotton,Short Sleeve,T-Shirt,White,4XL,Casual,Unknown,Premium,Men
Men's Striped Sweatshirt Warm Loose Lapel Peplum Long Sleeve Polo Shirt Green / L,http://t1.gstatic.com/shopping?q=tbn:ANd9GcQ-Xmo1u3jk6JF-kKNAj35cEGX1HNkH8vJyYoXnwzQ-vYDkdCvzVcg5Bm1AXgcgsHA2YDqKMbk,31.82,1,image\image_188.jpg,Unknown,Long Sleeve,Polo,Green,L,Casual,Relaxed,None,Men
Casual 100% Cotton Stand Collar Shirt White / L,http://t2.gstatic.com/shopping?q=tbn:ANd9GcRzBpPuCVVyfRTlzd3FTrfc5ROoIbqiDOYK84TPGqcr1hLzODBax2zzoIzzig,28.39,0,image\image_189.jpg,Cotton,Unknown,Shirt,White,L,Casual,Unknown,None,Unisex
Minimal Comfort Polo Shirt Shorts Set Khaki / XXXL,http://t1.gstatic.com/shopping?q=tbn:ANd9GcQG1HJIqZ4oqVYlSYl9-0DPnVg-Mp-F_iizIeueJRRdyNrFzYI-5qXuku8t,61.28,0,image\image_190.jpg,Unknown,Short Sleeve,Shirt Set,Khaki,3XL,Leisure,Unknown,None,Unisex
Men's Summer Linen Shirt Purple / 5XL,http://t2.gstatic.com/shopping?q=tbn:ANd9GcTzp57r12Q94vmugn3vIeyop0qFtnN8QZ92iGa5Bjyp2IvqtHMTtkJz5MUw1g,35.71,0,image\image_191.jpg,Linen,Unknown,Shirt,Other,5XL,Casual,Unknown,None,Men
Muscle Fit Shirts (US Only) Brown / L,http://t2.gstatic.com/shopping?q=tbn:ANd9GcTxQAqKwcflV51NL4NT_s8lVdHzsQU5301y3Q2a1lGQjYVAo5B2OtHQaAbEDQ,34.26,0,image\image_192.jpg,Unknown,Unknown,Shirt,Other,L,Other,Slim,None,Unisex
Wrinkle Free Button Down Dress Shirt (US Only) Dark Green / L,http://t3.gstatic.com/shopping?q=tbn:ANd9GcTiZ3YW1dA-SyMhlgeiNh73Tp1TfGmV2-TnUPW9Rmuuz9HrZ0PLeoFt3K2thQ,35.54,0,image\image_193.jpg,Unknown,Unknown,Shirt,Green,L,Formal,Unknown,None,Unisex
Men's Linen Long Sleeve Shirts Purple / M,http://t3.gstatic.com/shopping?q=tbn:ANd9GcQa__ks5yx9QlN5ykqFv2iGaqJaJnHcSYpYEkGkBRMNWai3bkfhocdFkWaC2Ro,34.7,0,image\image_194.jpg,Linen,Long Sleeve,Shirt,Other,M,Casual,Unknown,None,Men
Men's Linen Long Sleeve Shirts Gray / L,http://t3.gstatic.com/shopping?q=tbn:ANd9GcTsS6OtTdXJ64nvskMeL8Bl63WEheXsC3Xiy78MQZvWvJE3xFcT4wwo2ITc-A,34.61,0,image\image_195.jpg,Linen,Long Sleeve,Shirt,Grey,L,Casual,Unknown,None,Men
Men's Premium Washed Cotton Pocket Shirt Army Green / 5XL,http://t0.gstatic.com/shopping?q=tbn:ANd9GcRQpJGJ5CHvmCwU_XgIx0COMwaVUJKnAicekPwkM3D3L2jhAyZhYL20eBiiTig,60.43,0,image\image_196.jpg,Cotton,Unknown,Shirt,Green,5XL,Casual,Unknown,Pocket,Men
Casual Loose Fit Shirt Sets (US Only) Grey / XL,http://t2.gstatic.com/shopping?q=tbn:ANd9GcScisCco-pqI7zN-3eBINcJkqawMYDBJNhJyRf-PaY--bSNE5k5hGkAlE6eDg,51.3,0,image\image_197.jpg,Unknown,Unknown,Shirt Set,Grey,XL,Casual,Relaxed,None,Unisex
Men's Ice Silk V-Neck T-Shirt Wine Red+White+Tibetan Blue / L,http://t2.gstatic.com/shopping?q=tbn:ANd9GcTIa6mb7Fli4ntWHIPLtr9BcHLnAuy2-pTtAj7BuOnI4iniiQKyGzrwyUiqGFU,19.2,1,image\image_198.jpg,Other,Short Sleeve,T-Shirt,Multi,L,Casual,Unknown,None,Men
Men's Vintage Premium Washed Shirt Army Green / 5XL,http://t1.gstatic.com/shopping?q=tbn:ANd9GcQVa9a1hRez2x8trrXVnqUZJCFIZ5ZtW9WKtc2eej5iq9uut7xm8f8ztGz3hF0,58.2,1,image\image_199.jpg,Unknown,Unknown,Shirt,Green,5XL,Vintage,Unknown,Washed,Men
Men's Vintage Premium Washed Shirt Blue / L,http://t3.gstatic.com/shopping?q=tbn:ANd9GcSvMSb-12qnF7JWZhEkd6Bnjf6zrfnHPqkmA3hHczrT_Z7VQC2UjJ-eC48sVZM,61.66,0,image\image_200.jpg,Unknown,Unknown,Shirt,Blue,L,Vintage,Unknown,Washed,Men
Muscle Fit Shirts (US Only) Royal Blue / L,http://t3.gstatic.com/shopping?q=tbn:ANd9GcRRWQION33Y5gRtq9z9aSeriQT1LsPJx0pUUxtTGYmn5CdLOnS1xZ2Wdtaqag,35.79,0,image\image_201.jpg,Unknown,Unknown,Shirt,Blue,L,Other,Slim,None,Unisex
Embroidered Cowboy Button Down Shirt (US Only) Classic Wine Red / L,http://t1.gstatic.com/shopping?q=tbn:ANd9GcQznZC9cWNkdqExhIy8AdaL2vVuQNlM-X8To6EGcY_112M1TRiBuXr0zPNi,42.26,0,image\image_202.jpg,Unknown,Unknown,Shirt,Dark Red,L,Other,Unknown,Embroidered,Unisex
Men's Solid Color Linen Short Sleeve Lapel Shirt Pink / M,http://t1.gstatic.com/shopping?q=tbn:ANd9GcQbYJzx_sSU2g3CYLDpiyu0onpdYWClLhsRWBIbUWDwhqBwGF1GBOCF_w9Vfnk_rQBG0_QNfHM,55.37,0,image\image_203.jpg,Linen,Short Sleeve,Shirt,Other,M,Casual,Unknown,None,Men
Embroidered Cowboy Button Down Shirt (US Only) Coffee / XXL,http://t0.gstatic.com/shopping?q=tbn:ANd9GcQt_-B7z8AD65Wq9nQ0vWlWeX8Hzc74zv2vswdCKyYLnIl_gP-PnyOHkFy9,43.22,0,image\image_204.jpg,Unknown,Unknown,Shirt,Other,2XL,Other,Unknown,Embroidered,Unisex
Men's Vintage Premium Washed Shirt Pink / M,http://t3.gstatic.com/shopping?q=tbn:ANd9GcTn5zNl8PuiiDQzAIIbxFsLhEDuDFtYgLp0V0mYCJw4Tovi962GHCoFF0TIamU,57.58,1,image\image_205.jpg,Unknown,Unknown,Shirt,Other,M,Vintage,Unknown,Washed,Men
Men's Vintage Linen Long Sleeve Shirt Pink / M,http://t2.gstatic.com/shopping?q=tbn:ANd9GcRy8ajdBL7TmJpsKn2CVpUbU2-NpAWNdlUhuAE165XFv5Lx3Zn45OTCdfBqEA,37.81,0,image\image_206.jpg,Linen,Long Sleeve,Shirt,Other,M,Vintage,Unknown,None,Men
Men's Cotton Knit Striped Polo Shirt Purple / L,http://t0.gstatic.com/shopping?q=tbn:ANd9GcR1ymjbtzo3MHjvRN5ulRVmya8uOF2VTLWDfeA9g2Cg2JjhhHLkRpQmVyN83g,32.94,0,image\image_207.jpg,Cotton,Short Sleeve,Polo,Other,L,Casual,Unknown,None,Men
Men's Cotton Linen Casual Long Sleeve Shirt Purple / L,http://t1.gstatic.com/shopping?q=tbn:ANd9GcSzOTiaxpOpF0BkeaW7h0UcWeVJMU480yP4qAphhH4mqAcUsO7BhcahqWvf3oQ,33.06,1,image\image_208.jpg,Cotton-Linen Blend,Long Sleeve,Shirt,Other,L,Casual,Unknown,None,Men
Cotton Linen Style Henley Shirt (US Only) White / L,http://t0.gstatic.com/shopping?q=tbn:ANd9GcTBaZEl_Cdig-tZvWQzLXsic9yBWEGO816T7aHscXvh5xHEU3lg0w9r-8Tyjg,33.71,0,image\image_209.jpg,Cotton-Linen Blend,Unknown,Shirt,White,L,Casual,Unknown,None,Unisex
100% Cotton Henley Shirt and Shorts Set Coffee / XL,http://t1.gstatic.com/shopping?q=tbn:ANd9GcSJpJ1G0CABUwGjDGh6qiJu-_7-bVTlFBHRof7NTorTxsVSn2iGbFRAA7Tk8w,52.6,0,image\image_210.jpg,Cotton,Unknown,Shirt Set,Other,XL,Casual,Unknown,None,Unisex
Men's Luxurious Touch Stretch Cotton T-Shirt White / M,http://t0.gstatic.com/shopping?q=tbn:ANd9GcSG39j4zeaFfcPhJBdUso4wbuF7anuKeUIdORCcLk3xz14wsudS6OYZXr-yRoE,24.53,1,image\image_211.jpg,Cotton,Unknown,T-Shirt,White,M,Casual,Unknown,Premium,Men
Casual Loose Fit Shirt Sets (US Only) Black / L,http://t0.gstatic.com/shopping?q=tbn:ANd9GcQkoYxwXXLNfBoT79S4_xXNmuQ9E773wemzrs2v47gGGTQTSIhJLR_DKYj_-w,50.83,0,image\image_212.jpg,Unknown,Unknown,Shirt Set,Black,L,Casual,Relaxed,None,Unisex
Men's Washed Distressed Cotton Daily Short-sleeved T-shirt Amy / 4XL,http://t1.gstatic.com/shopping?q=tbn:ANd9GcRMtTgqPeQ3SMxAEy7aObT33p5WRUVV9CJGywQpFCK0vU_Z9qbLOkK6rx1PMIc,28.43,0,image\image_213.jpg,Cotton,Short Sleeve,T-Shirt,Other,4XL,Casual,Unknown,Washed,Men
Chictango atchwork CA1 Overshirt Army Green / L,http://t0.gstatic.com/shopping?q=tbn:ANd9GcTxEIu9CcPtzbdIGV5ZXlr3qLJ8XQuwkX1Fgi8EGj-VdveQIp4FchMwwv3yCLNpw4g7anNzGtk_,48.06,0,image\image_214.jpg,Unknown,Unknown,Other,Green,L,Casual,Unknown,None,Unisex
Men's Vintage Linen Long Sleeve Shirt Pink / L,http://t2.gstatic.com/shopping?q=tbn:ANd9GcRy8ajdBL7TmJpsKn2CVpUbU2-NpAWNdlUhuAE165XFv5Lx3Zn45OTCdfBqEA,38.64,0,image\image_215.jpg,Linen,Long Sleeve,Shirt,Other,L,Vintage,Unknown,None,Men
Men's Vintage Premium Washed Shirt White / XL,http://t2.gstatic.com/shopping?q=tbn:ANd9GcRzBSgaAaUI82bsGetc6NHzyWBEQ2t20abWLqmwfo6e6AMLp7UksAZmJnZ0iQ,60.08,0,image\image_216.jpg,Unknown,Unknown,Shirt,White,XL,Vintage,Unknown,Washed,Men
Men's Cotton Knit Striped Polo Shirt Khaki / 4XL,http://t0.gstatic.com/shopping?q=tbn:ANd9GcTWcq4ndWdcmd5HbuGsFFoamRTwoZfexkBs2vnHEY322nN3Tt0q6ryGi6pgUVA,36.06,1,image\image_217.jpg,Cotton,Unknown,Polo,Khaki,4XL,Casual,Unknown,None,Men
Long Sleeve Button Down Shirt Army Green / L,http://t0.gstatic.com/shopping?q=tbn:ANd9GcRb6T2Aw_5iM_mO-Ccq_47rlVzP4_u1OBX_BSh6m68d-326PlCpYrlgCR6m,30.44,1,image\image_218.jpg,Unknown,Long Sleeve,Shirt,Green,L,Casual,Unknown,None,Unisex
Men's Summer Solid Color Comfortable V-neck Short-sleeved T-shirt Blue / L,http://t3.gstatic.com/shopping?q=tbn:ANd9GcQ1q8TnS-AL-TwK4AYKYMAUkCQEMvGN37HF2trdcXrLploUP0eHmbS3ZufEcA,18.86,0,image\image_219.jpg,Unknown,Short Sleeve,T-Shirt,Blue,L,Casual,Unknown,None,Men
Men's Plaid Collar Summer Shirt Purple / 5XL,http://t2.gstatic.com/shopping?q=tbn:ANd9GcQtlANvBpA0wke0dxgkMhPldwHEk7NQsex2SB6VTPgNgPHuiGzfikRqG91jnc4,36.99,0,image\image_220.jpg,Unknown,Unknown,Shirt,Other,5XL,Casual,Unknown,None,Men
Casual Loose Fit Shirt Sets (US Only) White / XXL,http://t1.gstatic.com/shopping?q=tbn:ANd9GcQ5gUcbB0_M09qdlPOZb4NpQFMHNwXcbe683T7-JDIG7Cbz-ZKqaIadBucI,56.16,1,image\image_221.jpg,Unknown,Unknown,Shirt Set,White,2XL,Casual,Relaxed,None,Unisex
Men's Solid Color Linen Short Sleeve Lapel Shirt White / L,http://t2.gstatic.com/shopping?q=tbn:ANd9GcS6fACm3v6zCGfV1fuWAybW44sxadULJLOc0VNUqxut95QvywVCxkJrppMp8sziznfG0XR8rkPe,54.26,1,image\image_222.jpg,Linen,Short Sleeve,Shirt,White,L,Casual,Unknown,None,Men
Embroidered Cowboy Button Down Shirt (US Only) Classic Black / XL,http://t0.gstatic.com/shopping?q=tbn:ANd9GcQT9h-y5-a92sUrcouif3mpoZAyldQGGH5kd7fCcC3ygkmysigyDCId826R4w,43.61,0,image\image_223.jpg,Unknown,Unknown,Shirt,Black,XL,Casual,Unknown,Embroidered,Unisex
Men's Ice Silk V-Neck T-Shirt Light Blue+Black+White / L,http://t2.gstatic.com/shopping?q=tbn:ANd9GcSF-xW2nErB5Lgjc5GwiVTkjrMyov1BfN6i0EZB735NfK8ZHLSOvV7OeyLChQ,20.67,0,image\image_224.jpg,Other,Unknown,T-Shirt,Multi,L,Casual,Unknown,None,Men
Men's Casual Texture Lapel Comfortable Short-sleeved Polo Shirt Khaki / 5XL,http://t2.gstatic.com/shopping?q=tbn:ANd9GcSCDFcG0th3u4McSzqDmsr_kf256TzCD0PUoPqBw6XoPlG-rxYpLjlbfaeNTA,31.08,1,image\image_225.jpg,Unknown,Short Sleeve,Polo,Khaki,5XL,Casual,Unknown,Textured,Men
Athleisure Stretch Polo Shirt Sets Green / L,http://t2.gstatic.com/shopping?q=tbn:ANd9GcSiqmD5nTA1Bjda-IJIoeryl139DbY0brnXYJwS2lgdid6R6Sx4MH1lVQCdng,44.37,0,image\image_226.jpg,Unknown,Unknown,Shirt Set,Green,L,Sport,Unknown,None,Unisex
Minimal Comfort Polo Shirt Shorts Set Khaki / L,http://t1.gstatic.com/shopping?q=tbn:ANd9GcQG1HJIqZ4oqVYlSYl9-0DPnVg-Mp-F_iizIeueJRRdyNrFzYI-5qXuku8t,60.5,0,image\image_227.jpg,Unknown,Unknown,Shirt Set,Khaki,L,Leisure,Unknown,None,Unisex
Classic Casual Button Down Cotton Linen Shirt (Us Only) Purple / L,http://t1.gstatic.com/shopping?q=tbn:ANd9GcQkUxh2slts_TwMpOAB3GvK5hh2znU5JRmg6qFzUe1Y7y_w3cvh6YVTOeG2VQ,35.79,0,image\image_228.jpg,Cotton-Linen Blend,Unknown,Shirt,Other,L,Casual,Unknown,None,Unisex
100% Cotton Henley Shirt and Shorts Set Blue / L,http://t3.gstatic.com/shopping?q=tbn:ANd9GcQintPzAPUHExdlaz0VnKfzf9gyt6TRiEO-UnitEaYk3hPhE8R7YMhl3-Rh8A,54.53,0,image\image_229.jpg,Cotton,Unknown,Shirt Set,Blue,L,Casual,Unknown,None,Unisex
Men's Vintage Linen Long Sleeve Shird Yellow / L,http://t3.gstatic.com/shopping?q=tbn:ANd9GcRRmTUdyTha_3lE_t7gJtAMOcsxFflJwWNgAOeiLRcLYnM0TNqFWUIEZgfEVyY,40.13,1,image\image_230.jpg,Linen,Long Sleeve,Shirt,Other,L,Vintage,Unknown,None,Men
Men's Vintage Linen Long Sleeve Shirt Black / L,http://t3.gstatic.com/shopping?q=tbn:ANd9GcSubH9SgAa2e7Tn7ByzabQIGgg0Rp0WS5hGZaMCXAc9kfDH8usayZicDrN64w,40.51,0,image\image_231.jpg,Linen,Long Sleeve,Shirt,Black,L,Vintage,Unknown,None,Men
Casual Loose Fit Shirt Sets (US Only) Beige / L,http://t3.gstatic.com/shopping?q=tbn:ANd9GcRupgNRO-jYt2R3wf3riu7NSNgJPKm6sjwMBN6rxrRTc8scUaOtsupbw9-_,50.04,0,image\image_232.jpg,Unknown,Unknown,Shirt Set,Other,L,Casual,Relaxed,None,Unisex
Men's Cotton Linen Casual Long Sleeve Shirt Light Blue / M,http://t3.gstatic.com/shopping?q=tbn:ANd9GcSwpG_ZCN7woBcln7X_zpLG4c9K-V0FdAIfMqHXD4Yf5isfV4_lS2zL_YSrGw,34.7,0,image\image_233.jpg,Cotton-Linen Blend,Long Sleeve,Shirt,Blue,M,Casual,Unknown,None,Men
Men's Linen Long Sleeve Shirts Purple / 5XL,http://t3.gstatic.com/shopping?q=tbn:ANd9GcQa__ks5yx9QlN5ykqFv2iGaqJaJnHcSYpYEkGkBRMNWai3bkfhocdFkWaC2Ro,34.64,1,image\image_234.jpg,Linen,Long Sleeve,Shirt,Other,5XL,Casual,Unknown,None,Men
Summer Essential Button Down Knit Shirt (US Only) Brown / M,http://t3.gstatic.com/shopping?q=tbn:ANd9GcTQl_s4S-1g3W2zQUp0NSqVo4wCNVo__9p27-wFSAV-wABBoc2i_jJBMkOrIw,33.1,0,image\image_235.jpg,Unknown,Unknown,Shirt,Other,M,Casual,Unknown,None,Unisex
Casual Cotton and Linen Shirt Set White / M,http://t2.gstatic.com/shopping?q=tbn:ANd9GcQcldHSF4ZuTZJ4lE7o01wdsrznfyjGKhY4hPC53eqst_lFsHg9sX7rEWI6eQ,46.56,0,image\image_236.jpg,Cotton-Linen Blend,Unknown,Shirt Set,White,M,Casual,Unknown,None,Unisex
Men's Summer Solid Color Comfortable V-neck Short-sleeved T-shirt Army / L,http://t1.gstatic.com/shopping?q=tbn:ANd9GcQw2wbOsr1sacnnYBbC7Pp_rX874Lo9TOsceestgttHyC5mr28bZREkz70q,20.48,0,image\image_237.jpg,Unknown,Short Sleeve,T-Shirt,Other,L,Casual,Unknown,None,Men
Men's Vintage Linen Long Sleeve Shirt Navy Blue / M,http://t0.gstatic.com/shopping?q=tbn:ANd9GcSmAlVmLvX00waHlFFFcZqGZN_ZWn69yFUF9QpgM7wxmyBWO-eycVWOmmKkFA,39.87,0,image\image_238.jpg,Linen,Long Sleeve,Shirt,Navy,M,Vintage,Unknown,None,Men
Casual Loose Fit Shirt Sets (US Only) Khaki / M,http://t3.gstatic.com/shopping?q=tbn:ANd9GcRtB1pu07-9FmiIDQPw_Q5iyw-fvlMYkK8kaz7P1Cu9qW7RcyBSVKXm2H_k,51.41,0,image\image_239.jpg,Unknown,Unknown,Shirt Set,Khaki,M,Casual,Relaxed,None,Unisex
Vintage Knit Button Up Shirt (US Only) Green / L,http://t2.gstatic.com/shopping?q=tbn:ANd9GcT_y3AT56Kh57PXnPaKkiHO2lh2UDCTKFmZtmXuGzjh5J9in8kjk5Fsk6PoIqUdUVj2Oq8TqQ,30.82,1,image\image_240.jpg,Other,Unknown,Shirt,Green,L,Vintage,Unknown,None,Unisex
Casual Cotton Linen Shirt Set White / L,http://t0.gstatic.com/shopping?q=tbn:ANd9GcS7deVuHG3HtUI1whZM2ecWvDB-5WriOnac08BmZanUcYzbAWS6rvigkW6tlA,54.7,0,image\image_241.jpg,Cotton-Linen Blend,Unknown,Shirt Set,White,L,Casual,Unknown,None,Unisex
Men's Vintage Velvet Shirt Black / L,http://t2.gstatic.com/shopping?q=tbn:ANd9GcR5ESCEU8orsB9cSFvyi0VmkLyY0c62UfoUCPwTgWVEicrGhAY01koEvi5aW4o,35.23,0,image\image_242.jpg,Other,Unknown,Shirt,Black,L,Vintage,Unknown,None,Men
Luxury Dress Shirt (US Only) Beige / L,http://t2.gstatic.com/shopping?q=tbn:ANd9GcRifl5ENv9RzW1rcQxbvs6c5rutPHQiEijOslDif1nHg0KQdNU01-v4PRECu6sHAD68vjHqjIF6,36.12,1,image\image_243.jpg,Unknown,Unknown,Shirt,Other,L,Formal,Unknown,Premium,Unisex
Vintage-Inspired Geometric Knit Shirt Light Khaki / L,http://t1.gstatic.com/shopping?q=tbn:ANd9GcSwY47vJP-tA1iaTyGzDZlHvyZTFJZRu-qvYQsow_7AgX7qZNnQI2fGCDJT,43.26,1,image\image_244.jpg,Other,Unknown,Shirt,Khaki,L,Vintage,Unknown,None,Unisex
Casual Lcose Fit Shirt Sets (US Only) Clear Blue / L,http://t1.gstatic.com/shopping?q=tbn:ANd9GcT1F8wV0gnkozhdqol-fYfahASOa4evkG7zdN29YJ_rMrGvq75PfL1jZNm0Xg,53.45,0,image\image_245.jpg,Unknown,Unknown,Shirt Set,Blue,L,Casual,Relaxed,None,Unisex
Men's Cotton Knit Striped Polo Shirt Purple / M,http://t0.gstatic.com/shopping?q=tbn:ANd9GcR1ymjbtzo3MHjvRN5ulRVmya8uOF2VTLWDfeA9g2Cg2JjhhHLkRpQmVyN83g,32.3,1,image\image_246.jpg,Cotton,Unknown,Polo,Other,M,Casual,Unknown,None,Men
Minimal Comfort Polo Shirt Shorts Set White / M,http://t0.gstatic.com/shopping?q=tbn:ANd9GcSAqbC_hYXNHQ6g6zAqDKQjCWGYJ-zmzQAhmI0OgxwRv1lVzxolMEcBJ3Fs4Q,58.39,0,image\image_247.jpg,Unknown,Unknown,Shirt Set,White,M,Casual,Unknown,None,Unisex
Casual Loose Fit Shirt Sets (US Only) Blue / L,http://t2.gstatic.com/shopping?q=tbn:ANd9GcTdpCzayGeaguaNJ_DKA_8cIr29fV8tKoc6-88H7hQkYfU7ITaI4AbP8WvhPw,53.76,1,image\image_248.jpg,Unknown,Unknown,Shirt Set,Blue,L,Casual,Relaxed,None,Unisex
Men's Luxurious Touch Stretch Cotton T-Shirt Black / M,http://t2.gstatic.com/shopping?q=tbn:ANd9GcQJW6xdRk0wM7YB5N9u9aRZ9czGXADUeXYeU5R0lEvg8gmMyzpq4qAEwIIWdg,25.88,0,image\image_249.jpg,Cotton,Unknown,T-Shirt,Black,M,Casual,Unknown,Premium,Men
Men's Cotton Linen Short Sleeve Shirt Dark Blue / L,http://t1.gstatic.com/shopping?q=tbn:ANd9GcSs73GurJjADr5JfZuMV4yIcJvzzpVrZESHTjICA6yhC8PO3RSoQu8cqNXvIpQ,29.36,0,image\image_250.jpg,Cotton-Linen Blend,Short Sleeve,Shirt,Blue,L,Casual,Unknown,None,Men
Men's Cotton Long Sleeve Shirt Black / L,http://t1.gstatic.com/shopping?q=tbn:ANd9GcQmjdLaPPIEPJMoK-u4_1GXrxpQFAUMGIXgjFcplYZ1gMd02VhsDPGZbOLnQLY,29.67,1,image\image_251.jpg,Cotton,Long Sleeve,Shirt,Black,L,Casual,Unknown,None,Men
Men's Washed Distressed Cotton Daily Short-sleeved T-shirt Beige / 4XL,http://t1.gstatic.com/shopping?q=tbn:ANd9GcSu7y3O1O8gugobTg_rcH9CUU0tW37YNsCKPVxWd3emS8wjLw-Ja-Tva5R8sTc,26.98,0,image\image_252.jpg,Cotton,Short Sleeve,T-Shirt,Other,4XL,Casual,Unknown,Washed,Men
Men's Summer Linen Shirt Purple / L,http://t2.gstatic.com/shopping?q=tbn:ANd9GcTzp57r12Q94vmugn3vIeyop0qFtnN8QZ92iGa5Bjyp2IvqtHMTtkJz5MUw1g,37.8,0,image\image_253.jpg,Linen,Unknown,Shirt,Other,L,Casual,Unknown,None,Men
Gentleman's Casual Basic Cotton Linen Shirt Purple / L,http://t2.gstatic.com/shopping?q=tbn:ANd9GcRyDUl7WbpOpiZjmVWRmC1KFj4Euq0BE5tV4kuuaiY1czXK3NhZYfMY6bVC,35.95,0,image\image_254.jpg,Cotton-Linen Blend,Unknown,Shirt,Other,L,Casual,Unknown,None,Men
Men's Luxurious Touch Stretch Cotton T-Shirt White / 5XL,http://t0.gstatic.com/shopping?q=tbn:ANd9GcSG39j4zeaFfcPhJBdUso4wbuF7anuKeUIdORCcLk3xz14wsudS6OYZXr-yRoE,24.66,0,image\image_255.jpg,Cotton,Unknown,T-Shirt,White,5XL,Casual,Unknown,Premium,Men
Men's Washed Distressed Cotton Daily Short-sleeved T-shirt Purple / L,http://t0.gstatic.com/shopping?q=tbn:ANd9GcQyPJGMxWohBxD8A2-oCtZH4yVyzvPDT3PjDLUFMAUpC_XVESa2lGsduHxGyg,29.18,1,image\image_256.jpg,Cotton,Short Sleeve,T-Shirt,Other,L,Casual,Unknown,Washed,Men
Men's Casual Corduroy Pocket Short Sleeve Shirt Black / L,http://t3.gstatic.com/shopping?q=tbn:ANd9GcSfpLpqoSf8NK4qYaTsHXCV6Tfp8BsRsE_XaCJVZxUrKlpJdhH2ngbeiC70HQ,61.67,0,image\image_257.jpg,Other,Short Sleeve,Shirt,Black,L,Casual,Unknown,Pocket,Men
Men's Abstract Gradient Geometric T-Shirt Top Purple / L,http://t3.gstatic.com/shopping?q=tbn:ANd9GcQss3E_TUfov24DLxW5VMdH4nQHGxSuwpm9UZf2jjbDV0KTnJG4YsujMEPeIw,29.88,1,image\image_258.jpg,Unknown,Unknown,T-Shirt,Other,L,Casual,Unknown,Printed,Men
Casual Linen Blend Guayabera Shirt (US Only) White / M,http://t3.gstatic.com/shopping?q=tbn:ANd9GcQhV20RxogGHKpWME1I8AgeehPH-nPkbu_HF4eePqn_R7aKVPYMgsawfbrJ,30.65,1,image\image_259.jpg,Cotton-Linen Blend,Unknown,Shirt,White,M,Casual,Unknown,None,Unisex
Men's Linen Henley Long Sleeve Shirt Light Grey / M,http://t1.gstatic.com/shopping?q=tbn:ANd9GcQ8luCtjnuvut4OTTA9Eqx1AhezAfUL6p8tpRaAyek5bE8GBx9HVu4N1_d5mKQ,28.54,0,image\image_260.jpg,Linen,Long Sleeve,Shirt,Grey,M,Casual,Unknown,None,Men
Men's Fashion Casual Pleated Fabric Short-sleeved Lapel Polo Shirt Blue / L,http://t3.gstatic.com/shopping?q=tbn:ANd9GcRzP5-WEGkJkxmedSldkfR-ziGFHBl3DRDSmcm2MX3mSmMkxBWZiKjc0jovkA,32.73,1,image\image_261.jpg,Other,Short Sleeve,Polo,Blue,L,Casual,Unknown,Textured,Men
Men's Fashion Turndown Collar Buttons Striped Shirt Grey / L,http://t2.gstatic.com/shopping?q=tbn:ANd9GcQ_s9gL5CV7DVjwe8ZNhDt-z4Ob33eHAXWPqGlHE-PKbYJaOxAAzu1nlDP9BB4,30.22,1,image\image_262.jpg,Unknown,Unknown,Shirt,Grey,L,Casual,Unknown,None,Men
Leisure Textured Shirt Set Dark Green / L,http://t1.gstatic.com/shopping?q=tbn:ANd9GcQc857e_RnHRm8N7odR4sXlOy4o7hcQZKbU2nGAU3as--H9AlRDRbtARMHz,43.98,0,image\image_263.jpg,Unknown,Unknown,Shirt Set,Green,L,Leisure,Unknown,Textured,Unisex
Men's Linen Resort Casual Button-Down Everyday Short Sleeve Shirt Purple / 5XL,http://t1.gstatic.com/shopping?q=tbn:ANd9GcQspiLDQEmb6xDYezdqTZJOwPGluw0hO7WJkGMVoI5pFxSis2UIkDgKc8Tm,35.08,0,image\image_264.jpg,Linen,Short Sleeve,Shirt,Other,5XL,Casual,Unknown,None,Men
Casual Loose Fit Shirt Sets (US Only) White / M,http://t1.gstatic.com/shopping?q=tbn:ANd9GcQ5gUcbB0_M09qdlPOZb4NpQFMHNwXcbe683T7-JDIG7Cbz-ZKqaIadBucI,52.48,0,image\image_265.jpg,Unknown,Unknown,Shirt Set,White,M,Casual,Relaxed,None,Unisex
Summer Cuban Guayabera Shirt (US Only) Light Green / L,http://t0.gstatic.com/shopping?q=tbn:ANd9GcS9mYAfzpVyE2Ot1rSQMEHSsEpsSYtXLpWomc9POshyurxRcSU2czAi3Gd_Eg,37.4,0,image\image_266.jpg,Unknown,Unknown,Shirt,Green,L,Casual,Unknown,None,Unisex
Vintage Knit Button Up Shart (US Only) Navy Blue / L,http://t0.gstatic.com/shopping?q=tbn:ANd9GcSZkoiF-Un8ov38VFwJINbfudlPFwKNPlv8AnFuC_1fn0mxLjDrCeCJfheL8F8BaHHOCgni1w,30.74,0,image\image_267.jpg,Other,Unknown,Shirt,Navy,L,Vintage,Unknown,None,Unisex
Men's Summer Linen Shirt Orange / L,http://t3.gstatic.com/shopping?q=tbn:ANd9GcShltvsgeIxY5SZyESNexCGcmaqEhLcy7LyolbsV68xpZMPD6b_iQF4kEvSow,36.68,0,image\image_268.jpg,Linen,Unknown,Shirt,Other,L,Casual,Unknown,None,Men
Casual Loose Fit Shirt Sets (US Only) Khaki / L,http://t3.gstatic.com/shopping?q=tbn:ANd9GcRtB1pu07-9FmiIDQPw_Q5iyw-fvlMYkK8kaz7P1Cu9qW7RcyBSVKXm2H_k,50.78,0,image\image_269.jpg,Unknown,Unknown,Shirt Set,Khaki,L,Casual,Relaxed,None,Unisex
Men's Vintage Premium Washeh Shirt Khaki / M,http://t0.gstatic.com/shopping?q=tbn:ANd9GcQDGZp4yVinVDXKxympV5jGzuU4L_M-_E9C6JyqBlsQ_Rwah0r9QvabD7lFYg,64.37,0,image\image_270.jpg,Unknown,Unknown,Shirt,Khaki,M,Vintage,Unknown,Washed,Men
Men's Luxurious Touch Stretch Cotton T-Shirt Black / L,http://t2.gstatic.com/shopping?q=tbn:ANd9GcQJW6xdRk0wM7YB5N9u9aRZ9czGXADUeXYeU5R0lEvg8gmMyzpq4qAEwIIWdg,24.68,0,image\image_271.jpg,Cotton,Unknown,T-Shirt,Black,L,Unknown,Unknown,Premium,Men
Leisure Textured Shirt Set Red / S,http://t2.gstatic.com/shopping?q=tbn:ANd9GcQ7Bb_SHETti130smKmouZgSxK18jWQmDEXHdKmlxArskVh6tfdb7_Zq9TNQQ,44.15,1,image\image_272.jpg,Unknown,Unknown,Shirt Set,Red,S,Leisure,Unknown,Textured,Unisex
Stylish Slant Placket Tied Shirt Apricot / L,http://t2.gstatic.com/shopping?q=tbn:ANd9GcRDWrnw7WL7Kh6bQmPvTi88SkaravSZwL0w8Piwc9GOsxycK7-f3HIeEOFC,36.29,0,image\image_273.jpg,Unknown,Unknown,Shirt,Other,L,Unknown,Unknown,None,Unisex
Men's Cotton printed shirt Army Green / L,http://t0.gstatic.com/shopping?q=tbn:ANd9GcSnYCovSL6f88xmCPmDt7hm2LaiRSxeBf7kgbI8oWs4i9qWs_1quTFqYWN6rvsoeoXCVeIoPm59,71.38,1,image\image_274.jpg,Cotton,Unknown,Shirt,Green,L,Unknown,Unknown,Printed,Men
Muscle Fit Shirts (US Only) Dark Purple / L,http://t2.gstatic.com/shopping?q=tbn:ANd9GcQpBS6F7xCG5TKpEDgwdMEBJNE9bIMstt9NojKGZAi87mMbCu6X0qVWdZ4-,32.58,0,image\image_275.jpg,Unknown,Unknown,Shirt,Other,L,Unknown,Slim,None,Unisex
Men's Linen Resort CasualhButton-Down Everyday Short Sleeve Shirt Navy / M,http://t3.gstatic.com/shopping?q=tbn:ANd9GcQN-I-u6ur1ifOWwbwU2k1ozhL_EIr49BbzOSNTtGkhRn2x4g7NvE1OY7MZ,33.63,1,image\image_276.jpg,Linen,Short Sleeve,Shirt,Navy,M,Casual,Unknown,None,Men
Men's Linen Resort Casual Button-Down Everyday Short Sleeve Shirt Green / 5XL,http://t3.gstatic.com/shopping?q=tbn:ANd9GcSCFhVEGv1pRBBqNIdK7XNzwZAzsIC0Kf__114UgKmRJD0j87mqzg0M0E3zAw,33.7,0,image\image_277.jpg,Linen,Short Sleeve,Shirt,Green,5XL,Casual,Unknown,None,Men
Men's Summer Solid Color Comfortable V-neck Short-sleeved T-shirt D-Gray / L,http://t1.gstatic.com/shopping?q=tbn:ANd9GcQiMr-r0J8Z48dOhApM3-ZkVbPp69eMVoDKj1mlZlvhCEomP0IOQRm7eM6m,19.88,1,image\image_278.jpg,Unknown,Short Sleeve,T-Shirt,Grey,L,Unknown,Unknown,None,Men
Cotton Linen Style Stripe Shirts Blue / M,http://t2.gstatic.com/shopping?q=tbn:ANd9GcQHqdo9IE_xmKK0D2lR2VDB-qksGROSkLaofQ6RgMhsmiWhWB-74bmozpzTMg,30.41,0,image\image_279.jpg,Cotton-Linen Blend,Unknown,Shirt,Blue,M,Unknown,Unknown,None,Unisex
Muscle Fit Shirts (US Only) Navy Blue / M,http://t0.gstatic.com/shopping?q=tbn:ANd9GcQnhGq0053U8MTKdYVnRemjlBOXUpa9NIQS-oWA8cEcbE7Vu-K-3whSIiwW,34.1,0,image\image_280.jpg,Unknown,Unknown,Shirt,Navy,M,Unknown,Slim,None,Unisex
Leisure Textured Shirt Set Red / L,http://t2.gstatic.com/shopping?q=tbn:ANd9GcQ7Bb_SHETti130smKmouZgSxK18jWQmDEXHdKmlxArskVh6tfdb7_Zq9TNQQ,42.2,0,image\image_281.jpg,Unknown,Unknown,Shirt Set,Red,L,Leisure,Unknown,Textured,Unisex
Casual Loose Fit Pure Cotton Sports T-shirt/ Sports Shorts Shorts-White / XL,http://t3.gstatic.com/shopping?q=tbn:ANd9GcT3hDwAOuhKvcch9cOaeAi88-T6Jc3Aq2q2-75ZrUy8xYmf-sMPm8TdztLc,34.4,0,image\image_282.jpg,Cotton,Unknown,T-Shirt,White,XL,Sport,Relaxed,None,Unisex
Men's Luxurious Touch Stretch Cotton T-Shirt White / XL,http://t0.gstatic.com/shopping?q=tbn:ANd9GcSG39j4zeaFfcPhJBdUso4wbuF7anuKeUIdORCcLk3xz14wsudS6OYZXr-yRoE,25.01,0,image\image_283.jpg,Cotton,Unknown,T-Shirt,White,XL,Unknown,Unknown,Premium,Men
Vintage Shirt Coat (US Only) Purple / L,http://t2.gstatic.com/shopping?q=tbn:ANd9GcQ1UuqHBQNgN9kNIzmQHBYop-OMa2ben0OsesAe9HZlPhr58YPzghPg1JYWOA,37.33,0,image\image_284.jpg,Unknown,Unknown,Other,Other,L,Vintage,Unknown,None,Unisex
Casual Loose Fit Shirt Sets (US Only) Grey / L,http://t2.gstatic.com/shopping?q=tbn:ANd9GcScisCco-pqI7zN-3eBINcJkqawMYDBJNhJyRf-PaY--bSNE5k5hGkAlE6eDg,52.84,1,image\image_285.jpg,Unknown,Unknown,Shirt Set,Grey,L,Casual,Relaxed,None,Unisex
Men's Summer Solid Color Comfortable V-neck Short-sleeved T-shirt Red / L,http://t3.gstatic.com/shopping?q=tbn:ANd9GcQpMIDUu4VMq23FRDUJYKLfkM9kJMe8PgXkl-igcTmw9afrYNu8EAYrzKhp,20.6,0,image\image_286.jpg,Unknown,Short Sleeve,T-Shirt,Red,L,Unknown,Unknown,None,Men
Men's Cotton Long Sleeve Shirt Purple / L,http://t2.gstatic.com/shopping?q=tbn:ANd9GcRQLPj1zmw8xm6LRCHgOkbOUmNJlyW7wk6IlZAzPo3rleWSQjvZT1_ZXzCfOps,30.24,1,image\image_287.jpg,Cotton,Long Sleeve,Shirt,Other,L,Unknown,Unknown,None,Men
Vintage-Inspired Geometric Knit Shirt Light Khaki / XL,http://t1.gstatic.com/shopping?q=tbn:ANd9GcSwY47vJP-tA1iaTyGzDZlHvyZTFJZRu-qvYQsow_7AgX7qZNnQI2fGCDJT,45.48,0,image\image_288.jpg,Other,Unknown,Shirt,Khaki,XL,Vintage,Unknown,None,Unisex
Essential Muscle Fit Dress Shirt Grey / M,http://t2.gstatic.com/shopping?q=tbn:ANd9GcQQS5N8KMtzC0JRIe0BRxI0Yru77LGfFgz6GEcWBU9NPOjbq4I2UTgEVX-vhxw,68.75,0,image\image_289.jpg,Unknown,Unknown,Shirt,Grey,M,Formal,Slim,None,Unisex
Men's Combed Cotton T-Shirt Purple / L,http://t2.gstatic.com/shopping?q=tbn:ANd9GcS7_Y9bnHFaXy-8XV4FQZBJuSgs_ETQPpSn9jFbCXj1Bzl67Vy_3kUXzH7vVQ,20.07,0,image\image_290.jpg,Cotton,Unknown,T-Shirt,Other,L,Unknown,Unknown,None,Men
Western Cowboy Embroidered Button Down Cotton Shirt (US Only) Black (Retro Rose) / L,http://t3.gstatic.com/shopping?q=tbn:ANd9GcRu9XoNFnWJKeGXQH_V8oB_nAJPf5A0vbzCC4FLXrDFfbL7wMEuX0Bwf-7E,41.43,0,image\image_291.jpg,Cotton,Unknown,Shirt,Black,L,Other,Unknown,Embroidered,Unisex
Long Sleeve Cotton Linen Henley Shirt (US Only) Dark Blue / L,http://t3.gstatic.com/shopping?q=tbn:ANd9GcQ-M0b-zb_JAypETr_yICqbfpZyTi3672bfPXnBYXddLCJF__qceW5225_o,36.15,0,image\image_292.jpg,Cotton-Linen Blend,Long Sleeve,Shirt,Blue,L,Unknown,Unknown,None,Unisex
Men's Plaid Collar Summer Shirt Light blue / L,http://t2.gstatic.com/shopping?q=tbn:ANd9GcQbeoTEZpOHkrCLnUyM6RKewjURfomGl2S4yDz5uEjwz6ciIq3yiBoqwnSqKQ,36.65,0,image\image_293.jpg,Unknown,Unknown,Shirt,Blue,L,Unknown,Unknown,None,Men
Men's Summer Linen Shirt Pink / L,http://t0.gstatic.com/shopping?q=tbn:ANd9GcSyUFrJzptosNTRpGvkUaO0M2mO5SDUVWV6jK-_xmx8A7eXe2SCi-daI9VrF-M,38.01,0,image\image_294.jpg,Linen,Unknown,Shirt,Other,L,Unknown,Unknown,None,Men
Men's Washed Distressed Cotton Daily Short-sleeved T-shirt Green / 4XL,http://t1.gstatic.com/shopping?q=tbn:ANd9GcTspsHoW2GY2PCWMiOv-917zdZF-hn8PO6rEFAyfhDvcn5mmOvBk5xdHp8CCUg,28.62,1,image\image_295.jpg,Cotton,Short Sleeve,T-Shirt,Green,4XL,Casual,Unknown,Washed,Men
Embroidered Cowboy Button Down Shirt (US Only) Classic Black / XXL,http://t0.gstatic.com/shopping?q=tbn:ANd9GcQT9h-y5-a92sUrcouif3mpoZAyldQGGH5kd7fCcC3ygkmysigyDCId826R4w,41.74,1,image\image_296.jpg,Unknown,Unknown,Shirt,Black,2XL,Other,Unknown,Embroidered,Unisex
Men's Linen Resort Casual Button-Down Everyday Short Sleeve Shirt Army / L,http://t1.gstatic.com/shopping?q=tbn:ANd9GcTgT5pOnumLRppKEQJWfDin-XR1lTQz1nBBoM8ILY3LG5zCIjnsZwY_1VXbJA,33.0,1,image\image_297.jpg,Linen,Short Sleeve,Shirt,Green,L,Casual,Unknown,None,Men
Men's Fashion Turndown Collar Buttons Striped Shirt Red / L,http://t3.gstatic.com/shopping?q=tbn:ANd9GcQP8jUGD5pydsnby1A7VAk37IfLLP3Dqcy92rSP7fK8M_TIdc4zsN-ONQ7m_Q,30.17,1,image\image_298.jpg,Unknown,Unknown,Shirt,Red,L,Unknown,Unknown,None,Men
Ribbed Textured Knit Polo Shirt (US Only) Pink / M,http://t3.gstatic.com/shopping?q=tbn:ANd9GcQCqBoJRaSEln0Hmv3M1YUeMEKcnda-iL4uubImfUUZVQ7L1QUP0uOoddWM,34.99,1,image\image_299.jpg,Other,Unknown,Polo,Other,M,Unknown,Unknown,Textured,Unisex
Men's Short Sleeve Pocket Shirt Dark Khaki / 5XL,http://t0.gstatic.com/shopping?q=tbn:ANd9GcQiXnd1y1SLLEQyxHYqnWmFpKLyOVp4EYSFw1XgLz_DdWvYJELfwRBHNZIqgQ,29.82,0,image\image_300.jpg,Unknown,Short Sleeve,Shirt,Khaki,5XL,Unknown,Unknown,Pocket,Men
Casual Cotton Linen Shirt Set White / XL,http://t0.gstatic.com/shopping?q=tbn:ANd9GcS7deVuHG3HtUI1whZM2ecWvDB-5WriOnac08BmZanUcYzbAWS6rvigkW6tlA,55.14,0,image\image_301.jpg,Cotton-Linen Blend,Unknown,Shirt Set,White,XL,Casual,Unknown,None,Unknown
Muscle Fit Shirts (rS Only) Red / L,http://t2.gstatic.com/shopping?q=tbn:ANd9GcT-Vx0aT0tLJ0nHkrL4s3W8hpPoXBYKFq6Oug3lkp0XuAqwYKqVFEY6NsxH9w,32.61,0,image\image_302.jpg,Unknown,Unknown,Shirt,Red,L,Unknown,Slim,None,Unknown
Men's Vintage Velvet Shirt Wine Red / M,http://t1.gstatic.com/shopping?q=tbn:ANd9GcQUz8dGX0-0eM3-HUjHWQTc9-DYqSlvqZ5L_xPRY3ZOdOBtBGfKjYnx0Sm8DBc,35.15,1,image\image_303.jpg,Other,Unknown,Shirt,Dark Red,M,Vintage,Unknown,None,Men
Casual Lightweight Henley Shirt (US Only) Navy Blue / XXXL,http://t2.gstatic.com/shopping?q=tbn:ANd9GcRugBuZsZWZQqNfz0MUVP7mB2hCwyG-hYMP29bV5Seq1aJ75LC7YtSzJlqd,31.85,0,image\image_304.jpg,Unknown,Unknown,Shirt,Navy,3XL,Casual,Unknown,None,Unknown
Men's Vintage Premium Washed Shirt Blue / XL,http://t3.gstatic.com/shopping?q=tbn:ANd9GcSvMSb-12qnF7JWZhEkd6Bnjf6zrfnHPqkmA3hHczrT_Z7VQC2UjJ-eC48sVZM,57.41,1,image\image_305.jpg,Unknown,Unknown,Shirt,Blue,XL,Vintage,Unknown,Washed,Men
Rose Printed Slim Fit Dress Shirts (US Only) Black / L,http://t0.gstatic.com/shopping?q=tbn:ANd9GcTULzjCrPGG9uS_sLrEnc5RfDO9_j5GmRZrSAaPfaa54J4BJpknKdUtSqju,27.33,0,image\image_306.jpg,Unknown,Unknown,Shirt,Black,L,Formal,Slim,Printed,Unknown
Western Cowboy Style Cotton Shirt (US Only) Black / L,http://t3.gstatic.com/shopping?q=tbn:ANd9GcSwKsfZnxNAS_UQG7EWn7B2VCPgyp_6nxSQX8V0LJ1YnjBXxlfZ2diWQQc-1ZZC59nsmgsb5xI,39.89,0,image\image_307.jpg,Cotton,Unknown,Shirt,Black,L,Other,Unknown,None,Unknown
Cotton Linen Style Stripe Shirts Red / M,http://t3.gstatic.com/shopping?q=tbn:ANd9GcS2Jx-VpmEruVtOomJh1b6Gt4zhTgI3lzFq9F2VZMVf7Xw6GFdwfSZUeO86,27.5,1,image\image_308.jpg,Cotton-Linen Blend,Unknown,Shirt,Red,M,Unknown,Unknown,None,Unknown
Muscle Fit Shirts (US Only) Navy Blue / L,http://t0.gstatic.com/shopping?q=tbn:ANd9GcQnhGq0053U8MTKdYVnRemjlBOXUpa9NIQS-oWA8cEcbE7Vu-K-3whSIiwW,34.18,1,image\image_309.jpg,Unknown,Unknown,Shirt,Navy,L,Unknown,Slim,None,Unknown
Men's Linen Long Sleeve Shirts Purple / L,http://t3.gstatic.com/shopping?q=tbn:ANd9GcQa__ks5yx9QlN5ykqFv2iGaqJaJnHcSYpYEkGkBRMNWai3bkfhocdFkWaC2Ro,34.96,0,image\image_310.jpg,Linen,Long Sleeve,Shirt,Other,L,Unknown,Unknown,None,Men
Modern Soft Cable Knit Shirt Green / L,http://t1.gstatic.com/shopping?q=tbn:ANd9GcQohXcLkqjOTRkOdkz81noKlPcBAeoK91M1Fva-6RiVj1RYd86HS6P9rmfQbw,43.84,0,image\image_311.jpg,Other,Unknown,Shirt,Green,L,Other,Unknown,Textured,Unknown
Soft Cotton Linen Button Shirt (US Only) Green / M,http://t2.gstatic.com/shopping?q=tbn:ANd9GcS-3YlKH_2Q51D162O80TSkM8RW0ZTMB-nY_J6HdKbzInFQAb2iIiLis0lU1w,29.46,0,image\image_312.jpg,Cotton-Linen Blend,Unknown,Shirt,Green,M,Unknown,Unknown,None,Unknown
Leisure Textured Shirt Set Pink / XXXL,http://t3.gstatic.com/shopping?q=tbn:ANd9GcRhd3-hPTMo41N-frGAoCs4ebwRCw_Usgzu5vHmTvL3Pxw-4dPZOGMq2yxCdQ,42.15,1,image\image_313.jpg,Unknown,Unknown,Shirt Set,Other,3XL,Leisure,Unknown,Textured,Unknown
Casual Linen Skin-friendly Shirts (US Only) Green / L,http://t1.gstatic.com/shopping?q=tbn:ANd9GcSAfVcHvs5qFiizQa0-ggI8X9kNv-q7C05Lswu_3FDatckhMlTR2VmxA522Dbf3cOQcOBMxxQ,35.66,1,image\image_314.jpg,Linen,Unknown,Shirt,Green,L,Casual,Unknown,None,Unknown
Classic Wrinkle-Free Dress Shirt (US Only) Brown / L,http://t3.gstatic.com/shopping?q=tbn:ANd9GcQKSBwiQFCeksu8UfwP6Cih5I77GYtDC64-pNi3MB1ThlFofKwJyFDshjqV,28.78,0,image\image_315.jpg,Unknown,Unknown,Shirt,Other,L,Formal,Unknown,None,Unknown
Casual Linen Skin-friendly Shirts (US Only) Light Blue / L,http://t1.gstatic.com/shopping?q=tbn:ANd9GcTUigJ0J4kJrSBxmbejmmkeyY7HfkGLQwP2KV7t4oTkhXoiQcYPgZsejv-YzOqSYGN-by2q7w,35.56,0,image\image_316.jpg,Linen,Unknown,Shirt,Blue,L,Casual,Unknown,None,Unknown
Men's Linen Resort Casual Button-Down Everyday Short Sleeve Shirt Blue / L,http://t2.gstatic.com/shopping?q=tbn:ANd9GcTEnzvajYB7M_BrnIAT_kHOIUxuT4xBr_qVu9GZaSweS992H_ziYlSe9BkWRA,32.33,1,image\image_317.jpg,Linen,Short Sleeve,Shirt,Blue,L,Casual,Unknown,None,Men
Men's Short Sleeve Pocket Shirt Army Green / 4XL,http://t1.gstatic.com/shopping?q=tbn:ANd9GcTcagDL-lGbfA73BukVG9YbbVwj9SQoCBORDwiJ6bpTrS7Kh9gBkDByyYgXHb0,29.09,1,image\image_318.jpg,Unknown,Short Sleeve,Shirt,Green,4XL,Unknown,Unknown,Pocket,Men
Vintage Embroidered Western Cowboy Shirt (US Only) Khaki / L,http://t1.gstatic.com/shopping?q=tbn:ANd9GcT9Itbi5852NWA6Ji_aL2_ZPBWc_cnawcDZ-8d36ufMaW6JRrtxJ37lDihNmGHuA8onEPJCcg,40.34,0,image\image_319.jpg,Unknown,Unknown,Shirt,Khaki,L,Vintage,Unknown,Embroidered,Unknown
Men's Cotton Linen Casual Long Sleeve Shirt Blue / L,http://t2.gstatic.com/shopping?q=tbn:ANd9GcQtK_7o7U3wTBjLh_frOBsDsncxumaevG7jXq2jbgWaM60yaNLViKljf7il-nc,36.19,1,image\image_320.jpg,Cotton-Linen Blend,Long Sleeve,Shirt,Blue,L,Casual,Unknown,None,Men
Linen Henley Long Sleeve Shirts with Pocket (US Only) Black / L,http://t3.gstatic.com/shopping?q=tbn:ANd9GcQ-hgTGF_HCT7r5tn-qbqLeR7SERbjl0YjDR2RgNgnV7oGdThOjH2xyIGOm_g,46.77,0,image\image_321.jpg,Linen,Long Sleeve,Shirt,Black,L,Unknown,Unknown,Pocket,Unknown
Cotton Beach Button Down Long Sleeve Shirt (US Only) White / L,http://t0.gstatic.com/shopping?q=tbn:ANd9GcRrn_jiiLkSyTXk61RDaAwjLVLT-X2WhMc2n50g0IE_vj04Jv_njf4uKMZZ,45.52,0,image\image_322.jpg,Cotton,Long Sleeve,Shirt,White,L,Leisure,Unknown,None,Unknown
Men's Combed Cotton T-Shirt Blue / L,http://t1.gstatic.com/shopping?q=tbn:ANd9GcS_Ptyra1hd55QkmupfJhOqm8KYp_5fTf8Ka0ug4hBkaoacp05cASbD6VuNcmo,19.0,0,image\image_323.jpg,Cotton,Unknown,T-Shirt,Blue,L,Unknown,Unknown,None,Men
Men's Luxurious Touch Stretch Cotton T-Shirt White / L,http://t0.gstatic.com/shopping?q=tbn:ANd9GcSG39j4zeaFfcPhJBdUso4wbuF7anuKeUIdORCcLk3xz14wsudS6OYZXr-yRoE,25.62,0,image\image_324.jpg,Cotton,Unknown,T-Shirt,White,L,Unknown,Unknown,None,Men
Men's Linen Long Sleeve Shirts White / 5XL,http://t3.gstatic.com/shopping?q=tbn:ANd9GcT4_VZ0oaOpEOHit0xahfd3Y5I8uaHfeNfTxD9rG4POABSiYpeGO_fSXdIxUw,34.76,0,image\image_325.jpg,Linen,Long Sleeve,Shirt,White,5XL,Unknown,Unknown,None,Men
Chictango Pink Corduroy Shirt Set Pink / L,http://t3.gstatic.com/shopping?q=tbn:ANd9GcRBlLKarnhm0s-Ct7xsm7IVqqrBJFCtyieSSiSi-G5E-_eGEZb43aoqcwrOHg,47.61,0,image\image_326.jpg,Other,Unknown,Shirt Set,Other,L,Unknown,Unknown,None,Unknown
Men's Ice Silk V-Neck T-Shirt Black+Grey+Tibetan Blue / L,http://t2.gstatic.com/shopping?q=tbn:ANd9GcR3EPCCaYRTh_uU1jh1g-j94I06k22LxScBgTRPYuTpMSjX00DPVKhjTATtYPs,20.79,1,image\image_327.jpg,Other,Unknown,T-Shirt,Multi,L,Unknown,Unknown,None,Men
Casual Linen Short Sleeve Shirt Sets (US Only) Light Khaki / L,http://t3.gstatic.com/shopping?q=tbn:ANd9GcQOJ6aw5lz7y6rBHu86690NsvoWWvOF2ZUBhBPVwbv7InXuMGZlgsdfUppt,41.97,0,image\image_328.jpg,Linen,Short Sleeve,Shirt Set,Khaki,L,Casual,Unknown,None,Unknown
Classic Casual Button Down Cotton Linen Shirt (Us Only) Purple / M,http://t1.gstatic.com/shopping?q=tbn:ANd9GcQkUxh2slts_TwMpOAB3GvK5hh2znU5JRmg6qFzUe1Y7y_w3cvh6YVTOeG2VQ,36.0,0,image\image_329.jpg,Cotton-Linen Blend,Unknown,Shirt,Other,M,Casual,Unknown,None,Unknown
Casual Cotton Linen Shirt Set White / XXXL,http://t0.gstatic.com/shopping?q=tbn:ANd9GcS7deVuHG3HtUI1whZM2ecWvDB-5WriOnac08BmZanUcYzbAWS6rvigkW6tlA,56.58,0,image\image_330.jpg,Cotton-Linen Blend,Unknown,Shirt Set,White,3XL,Casual,Unknown,None,Unknown
